ＩＤ,age,sex,marrige,JobStatus,IncomeCategory,HomeType,Child,Q1,Q2,Q4,Q4_2,Q4_3,Q5,Q6_1,Q6_2,Q6_3,Q7_1,Q7_2,Q7_3,Q8,Q8_2,Q8_3,Q9,Q10,Q10_2,Q10_3,Q11,Q13,Q14,Q15,Q15_2,Q15_3,Q16,Q17,Q18,Q18_2,Q18_3,Q19,Q19_2,Q19_3,Q20,Q21,Q22,q23,Q20-1(FA),Q21-1(FA),Q22-1(FA)
m8931766417,43.0,1.0,1.0,2.0,7,1.0,1.0,1.0,7.0,5.0,,,3.0,5.0,,,2.0,,,5.0,6.0,,2.0,2.0,4.0,7.0,1.0,3.0,3.0,1.0,4.0,,4.0,2.0,2.0,4.0,6.0,2.0,4.0,,0.0,0.0,0.0,0.0,特にない,付加価値のある、唯一無二の物を作りたい,特にない
m87773826825,48.0,1.0,1.0,2.0,9,1.0,1.0,1.0,7.0,1.0,,,4.0,8.0,,,5.0,,,5.0,,,3.0,3.0,4.0,,3.0,3.0,3.0,1.0,,,1.0,3.0,3.0,,,3.0,,,0.0,0.0,0.0,0.0,なし,なし,なし
m87773936986,40.0,0.0,0.0,2.0,7,1.0,0.0,2.0,1.0,4.0,,,3.0,6.0,,,4.0,,,4.0,,,4.0,2.0,,,4.0,4.0,4.0,5.0,,,5.0,4.0,4.0,,,2.0,,,0.0,0.0,0.0,0.0,ない,ない,ない
m89780142550,39.0,1.0,1.0,2.0,8,1.0,1.0,1.0,1.0,1.0,2.0,,3.0,1.0,2.0,3.0,1.0,2.0,3.0,1.0,6.0,7.0,2.0,1.0,4.0,6.0,2.0,2.0,1.0,2.0,3.0,,3.0,3.0,2.0,4.0,5.0,2.0,3.0,,0.0,1.0,0.0,0.0,ノーコメント,ノーコメント,ノーコメント
m8772999351,46.0,1.0,1.0,2.0,5,0.0,0.0,1.0,7.0,4.0,,,4.0,8.0,,,1.0,2.0,5.0,4.0,5.0,7.0,1.0,2.0,3.0,4.0,1.0,1.0,2.0,1.0,,,1.0,2.0,3.0,5.0,6.0,3.0,4.0,5.0,0.0,0.0,0.0,0.0,特になし,特になし,特になし
m89784662052,32.0,1.0,1.0,2.0,6,0.0,1.0,1.0,1.0,1.0,,,2.0,6.0,7.0,,5.0,,,1.0,,,3.0,5.0,,,3.0,3.0,4.0,4.0,,,5.0,3.0,4.0,,,2.0,,,0.0,0.0,0.0,0.0,ない,ない,ない
m8777216796,53.0,1.0,1.0,2.0,5,0.0,1.0,1.0,1.0,1.0,,,4.0,8.0,,,2.0,,,4.0,5.0,,2.0,2.0,7.0,,3.0,3.0,3.0,2.0,,,3.0,2.0,4.0,,,3.0,,,0.0,0.0,0.0,0.0,特にはない,特にはない,た
m87773941204,49.0,1.0,1.0,2.0,13,1.0,1.0,1.0,1.0,1.0,,,4.0,3.0,,,1.0,,,3.0,4.0,6.0,1.0,1.0,2.0,6.0,2.0,1.0,3.0,3.0,,,5.0,1.0,1.0,,,4.0,,,0.0,0.0,0.0,0.0,ない,ない,無理に残さない伝統もあると思う
m89784270343,43.0,1.0,1.0,2.0,7,1.0,1.0,1.0,7.0,1.0,,,3.0,7.0,,,2.0,4.0,,3.0,4.0,7.0,3.0,2.0,,,1.0,2.0,2.0,4.0,,,1.0,2.0,1.0,,,3.0,,,0.0,0.0,0.0,0.0,なし,なし,なし
m87773929532,48.0,1.0,1.0,2.0,9,1.0,1.0,1.0,1.0,3.0,,,4.0,3.0,5.0,,1.0,,,3.0,,,1.0,6.0,,,1.0,1.0,3.0,1.0,,,3.0,2.0,4.0,,,2.0,,,1.0,0.0,0.0,0.0,特にありません,繋ぐ,特にありません
m87784051984,55.0,1.0,1.0,2.0,9,1.0,1.0,1.0,7.0,4.0,,,4.0,3.0,5.0,6.0,1.0,2.0,6.0,4.0,,,2.0,3.0,4.0,,2.0,3.0,3.0,1.0,,,3.0,2.0,2.0,3.0,6.0,4.0,,,0.0,0.0,0.0,0.0,わかりません,アイデアで生き残る,特にありません
m87782577178,61.0,1.0,1.0,1.0,5,1.0,1.0,1.0,7.0,6.0,,,1.0,8.0,,,4.0,,,4.0,6.0,7.0,2.0,3.0,,,1.0,3.0,3.0,1.0,,,1.0,3.0,2.0,3.0,4.0,3.0,4.0,,0.0,0.0,0.0,0.0,ありません,ありません,分からない
m89778493967,42.0,0.0,0.0,2.0,3,0.0,1.0,1.0,7.0,1.0,,,2.0,8.0,,,7.0,,,4.0,,,3.0,6.0,,,3.0,3.0,3.0,6.0,,,2.0,3.0,8.0,,,2.0,,,0.0,0.0,0.0,1.0,ない,ない,ない
m87789962118,52.0,1.0,1.0,3.0,9,1.0,1.0,1.0,1.0,5.0,,,4.0,3.0,,,5.0,,,1.0,,,3.0,5.0,,,5.0,5.0,3.0,2.0,,,2.0,2.0,2.0,,,4.0,,,0.0,0.0,0.0,1.0,ない,ない,ない
m87773945963,57.0,1.0,0.0,1.0,1,1.0,0.0,2.0,7.0,6.0,,,2.0,8.0,,,5.0,,,6.0,,,3.0,4.0,,,3.0,3.0,3.0,6.0,,,1.0,3.0,8.0,,,6.0,,,0.0,0.0,0.0,0.0,なお,なし,なし
m8778911965,61.0,1.0,1.0,2.0,12,1.0,1.0,1.0,6.0,3.0,4.0,,4.0,2.0,6.0,,3.0,6.0,,2.0,5.0,,4.0,3.0,,,3.0,3.0,3.0,3.0,,,4.0,2.0,4.0,,,2.0,,,1.0,1.0,1.0,0.0,ＡＩの活用,日本にとって重要,わからない
m87884705252,61.0,1.0,1.0,3.0,11,1.0,1.0,1.0,7.0,4.0,,,4.0,2.0,5.0,,2.0,,,2.0,,,3.0,5.0,,,3.0,3.0,3.0,1.0,,,1.0,2.0,4.0,,,5.0,,,0.0,0.0,1.0,0.0,ないです,ないです,ないです
m87789110149,47.0,1.0,1.0,2.0,6,0.0,0.0,2.0,7.0,1.0,,,1.0,1.0,5.0,,3.0,,,1.0,,,3.0,2.0,4.0,,3.0,3.0,3.0,5.0,,,5.0,3.0,4.0,,,1.0,,,0.0,1.0,0.0,0.0,特にはありません,特にはありません,特にはありません
m8931993426,26.0,0.0,0.0,1.0,3,1.0,0.0,1.0,1.0,1.0,,,1.0,6.0,,,6.0,,,1.0,,,3.0,6.0,,,3.0,3.0,3.0,1.0,,,5.0,3.0,4.0,,,1.0,,,0.0,0.0,0.0,0.0,ｍ,ｍ,ｍ
m87788113679,37.0,0.0,0.0,2.0,10,1.0,0.0,1.0,7.0,4.0,,,1.0,5.0,,,1.0,,,5.0,,,3.0,5.0,,,1.0,2.0,3.0,3.0,,,1.0,1.0,1.0,,,2.0,,,0.0,0.0,0.0,0.0,特になし,人材の確保が大事,特になし
m8770067475,53.0,0.0,1.0,1.0,1,0.0,1.0,1.0,5.0,1.0,,,1.0,3.0,,,3.0,,,3.0,,,3.0,2.0,,,3.0,3.0,3.0,4.0,,,1.0,4.0,4.0,,,1.0,,,0.0,1.0,0.0,0.0,わからない,もっと安く良いものを,繋ぐ
m8776623989,60.0,1.0,1.0,1.0,12,1.0,1.0,1.0,1.0,1.0,,,1.0,1.0,2.0,,1.0,,,4.0,,,3.0,6.0,,,3.0,4.0,4.0,3.0,,,4.0,3.0,4.0,,,3.0,,,0.0,0.0,0.0,0.0,なし,なし,なし
m89386526544,62.0,0.0,1.0,1.0,4,0.0,0.0,1.0,1.0,1.0,,,4.0,1.0,,,5.0,,,5.0,,,3.0,4.0,,,2.0,3.0,3.0,4.0,,,1.0,3.0,2.0,,,3.0,,,0.0,0.0,0.0,0.0,特にありません,明るい,見学してみてください
m87773933171,50.0,1.0,0.0,2.0,5,1.0,0.0,1.0,7.0,1.0,,,2.0,5.0,,,2.0,,,3.0,4.0,,2.0,4.0,,,2.0,3.0,3.0,1.0,,,1.0,2.0,2.0,3.0,6.0,5.0,,,0.0,0.0,0.0,0.0,特になし,伝統の継承と時代に合った改革が必要だと思う,特になし
m8770106185,44.0,0.0,0.0,1.0,9,1.0,0.0,2.0,7.0,6.0,,,1.0,8.0,,,7.0,,,8.0,,,2.0,1.0,4.0,6.0,1.0,2.0,6.0,6.0,,,3.0,2.0,3.0,4.0,5.0,1.0,2.0,4.0,0.0,0.0,0.0,0.0,なし,継承困難,なし
m8770109559,55.0,1.0,1.0,2.0,12,1.0,1.0,2.0,7.0,5.0,,,1.0,8.0,,,7.0,,,2.0,,,3.0,3.0,,,5.0,3.0,3.0,1.0,,,2.0,4.0,5.0,,,2.0,,,0.0,0.0,1.0,1.0,ありません,ない,ない
m87783232452,46.0,1.0,0.0,2.0,5,1.0,0.0,1.0,1.0,1.0,,,3.0,5.0,,,1.0,2.0,5.0,3.0,4.0,6.0,3.0,2.0,3.0,6.0,3.0,3.0,2.0,1.0,4.0,,1.0,2.0,2.0,3.0,6.0,1.0,3.0,4.0,0.0,0.0,0.0,0.0,わからない,わからない,わからない
m87773911839,32.0,0.0,1.0,1.0,6,1.0,1.0,2.0,1.0,1.0,,,3.0,2.0,5.0,,6.0,,,3.0,4.0,,3.0,1.0,,,1.0,2.0,1.0,4.0,,,3.0,3.0,2.0,4.0,,5.0,,,0.0,0.0,0.0,0.0,なし,なし,なし
m89785231477,49.0,1.0,1.0,2.0,9,1.0,1.0,1.0,1.0,1.0,2.0,,3.0,2.0,3.0,6.0,1.0,2.0,6.0,3.0,6.0,7.0,1.0,2.0,4.0,7.0,1.0,1.0,1.0,1.0,3.0,4.0,3.0,1.0,2.0,3.0,4.0,1.0,,,0.0,0.0,0.0,0.0,かなりの確率でとっても素晴らしい,すばらしいですね,かなり素晴らしいと思う事です
m89786319127,59.0,1.0,1.0,1.0,7,0.0,1.0,2.0,7.0,1.0,,,2.0,8.0,,,5.0,,,6.0,,,3.0,4.0,,,5.0,6.0,6.0,6.0,,,6.0,3.0,2.0,,,4.0,,,0.0,0.0,0.0,0.0,ない,特になし,なし
m8998500970,58.0,1.0,1.0,2.0,9,1.0,1.0,1.0,7.0,3.0,,,1.0,5.0,,,1.0,2.0,,4.0,5.0,,2.0,2.0,3.0,,2.0,2.0,3.0,4.0,,,3.0,2.0,1.0,,,4.0,,,1.0,0.0,0.0,0.0,特にない,続いていく,特にない
m87773913714,37.0,1.0,1.0,2.0,7,1.0,1.0,2.0,7.0,1.0,,,3.0,1.0,,,1.0,2.0,,3.0,4.0,,2.0,3.0,4.0,7.0,2.0,2.0,2.0,4.0,,,2.0,3.0,2.0,4.0,6.0,1.0,5.0,,0.0,0.0,0.0,1.0,特にない,伝承者がいない,特にない
m899288596,53.0,1.0,1.0,2.0,10,1.0,1.0,1.0,7.0,1.0,5.0,,4.0,3.0,5.0,8.0,2.0,4.0,5.0,3.0,4.0,,1.0,1.0,2.0,3.0,1.0,2.0,2.0,1.0,4.0,,3.0,2.0,3.0,4.0,6.0,2.0,3.0,4.0,0.0,0.0,0.0,0.0,Ai,必要なもの,技術の習得
m89780802258,52.0,1.0,0.0,1.0,5,1.0,0.0,1.0,1.0,1.0,,,1.0,8.0,,,1.0,,,4.0,,,1.0,3.0,,,3.0,1.0,1.0,4.0,,,1.0,3.0,2.0,,,1.0,,,0.0,0.0,0.0,0.0,無し,なし,なし
m8973049570,57.0,1.0,0.0,2.0,8,1.0,0.0,1.0,1.0,5.0,,,1.0,6.0,,,5.0,,,5.0,6.0,,3.0,4.0,6.0,,3.0,3.0,2.0,3.0,4.0,,1.0,2.0,3.0,5.0,6.0,1.0,4.0,,0.0,0.0,0.0,0.0,特にはありません,しっかりと残していきたい,伝統工芸のよさをわかって欲しい
m8931606205,30.0,1.0,1.0,2.0,7,1.0,1.0,1.0,1.0,1.0,2.0,3.0,2.0,2.0,3.0,4.0,1.0,,,4.0,,,1.0,1.0,5.0,,2.0,2.0,1.0,1.0,,,3.0,3.0,1.0,,,2.0,,,1.0,0.0,0.0,0.0,統一教会,安倍晋三,統一教会
m8998537900,42.0,1.0,0.0,2.0,5,0.0,0.0,1.0,7.0,1.0,,,1.0,3.0,,,1.0,,,3.0,,,3.0,2.0,,,3.0,6.0,3.0,6.0,,,3.0,3.0,2.0,,,2.0,4.0,,0.0,0.0,0.0,0.0,わからない。,わからない。,わからない。
m8771890469,57.0,1.0,1.0,2.0,6,1.0,1.0,1.0,5.0,5.0,,,1.0,3.0,,,2.0,,,2.0,4.0,5.0,1.0,3.0,6.0,,1.0,3.0,3.0,1.0,2.0,5.0,3.0,3.0,1.0,2.0,3.0,2.0,3.0,4.0,0.0,0.0,1.0,0.0,特に無し,競争が激しくなる,特に無し
m8996567463,46.0,1.0,1.0,2.0,5,1.0,1.0,2.0,7.0,1.0,,,3.0,1.0,,,1.0,2.0,5.0,1.0,4.0,6.0,1.0,1.0,2.0,3.0,1.0,1.0,3.0,1.0,4.0,,1.0,1.0,1.0,2.0,3.0,1.0,2.0,3.0,0.0,0.0,0.0,0.0,特になし,若手が入って来ない。,伝統は確実に引き継ぐべきです。
m87773915656,76.0,1.0,1.0,1.0,3,1.0,1.0,1.0,7.0,1.0,,,4.0,3.0,,,1.0,5.0,,4.0,5.0,,1.0,3.0,6.0,,1.0,1.0,2.0,1.0,,,3.0,1.0,2.0,3.0,4.0,2.0,3.0,,0.0,0.0,0.0,0.0,特にない,このままでは衰退する可能性有り。,特にない
m899757641,60.0,1.0,1.0,2.0,12,1.0,1.0,2.0,7.0,1.0,,,1.0,3.0,,,2.0,,,4.0,,,3.0,4.0,,,3.0,3.0,3.0,4.0,,,3.0,3.0,2.0,,,2.0,,,0.0,0.0,0.0,0.0,とくにない,とくにない,特になし
m87768469701,57.0,1.0,1.0,2.0,2,0.0,1.0,2.0,1.0,1.0,,,1.0,8.0,,,5.0,,,7.0,,,5.0,3.0,,,5.0,4.0,3.0,5.0,,,1.0,3.0,6.0,,,3.0,,,0.0,0.0,0.0,0.0,特にない,特にない,特にない
m87773938580,42.0,0.0,1.0,2.0,5,1.0,1.0,1.0,1.0,3.0,,,2.0,2.0,,,2.0,,,7.0,,,1.0,7.0,,,2.0,2.0,1.0,5.0,,,2.0,2.0,1.0,,,4.0,,,1.0,0.0,0.0,1.0,分からない,分からない,分からない
m87789971459,33.0,1.0,1.0,2.0,9,0.0,0.0,2.0,7.0,1.0,,,3.0,1.0,,,1.0,5.0,,3.0,4.0,6.0,2.0,2.0,3.0,4.0,2.0,3.0,3.0,4.0,,,3.0,3.0,3.0,,,3.0,,,0.0,0.0,0.0,0.0,なはさ,わかりません,食品工場なので職人ではない
m89788392208,50.0,0.0,0.0,2.0,5,0.0,0.0,1.0,1.0,5.0,,,4.0,7.0,,,1.0,,,1.0,,,5.0,2.0,,,5.0,5.0,5.0,3.0,,,4.0,4.0,5.0,,,2.0,,,0.0,0.0,0.0,0.0,なし,なし,なし
m87773917287,58.0,0.0,1.0,1.0,6,1.0,1.0,1.0,1.0,5.0,,,1.0,3.0,6.0,,1.0,2.0,,4.0,5.0,6.0,2.0,2.0,3.0,4.0,2.0,1.0,3.0,4.0,,,3.0,2.0,2.0,3.0,6.0,1.0,3.0,4.0,0.0,0.0,0.0,0.0,在庫管理をテクノロジーを活用して効率化したい,若手のたくさんの活躍にかかっている,価格転換をスムーズに行わせて欲しい
m8998906955,71.0,1.0,1.0,1.0,6,1.0,1.0,1.0,7.0,1.0,,,2.0,1.0,,,2.0,,,4.0,,,2.0,3.0,,,2.0,3.0,3.0,5.0,,,3.0,3.0,3.0,,,2.0,,,0.0,0.0,0.0,0.0,特になし,特になし,特になし
m89774196514,43.0,0.0,1.0,2.0,5,1.0,1.0,2.0,7.0,1.0,,,4.0,8.0,,,5.0,,,3.0,,,3.0,4.0,,,3.0,3.0,4.0,5.0,,,1.0,3.0,2.0,,,2.0,,,0.0,0.0,0.0,0.0,特になし,特になし,価格をさげてほしい
m8786819447,42.0,1.0,1.0,2.0,7,1.0,1.0,1.0,1.0,1.0,,,3.0,3.0,5.0,,2.0,5.0,6.0,5.0,6.0,7.0,2.0,3.0,4.0,,2.0,2.0,2.0,5.0,,,3.0,1.0,3.0,4.0,,1.0,2.0,4.0,0.0,0.0,0.0,0.0,ＡIを利用した機械加工。,ＡI利用が増加する。,手作りの重要性をアピールしたい。
m87782711979,42.0,1.0,0.0,2.0,7,1.0,1.0,1.0,7.0,4.0,,,1.0,3.0,7.0,,2.0,4.0,5.0,3.0,4.0,6.0,3.0,2.0,3.0,4.0,1.0,3.0,3.0,2.0,5.0,,2.0,2.0,5.0,,,1.0,2.0,3.0,0.0,0.0,0.0,1.0,AIによる製造分析,販売先チャンネルを増やせるチャンス,マーケットは確実に広がると思う
m89777741243,56.0,1.0,1.0,2.0,6,1.0,1.0,1.0,1.0,1.0,,,4.0,8.0,,,2.0,,,4.0,6.0,,4.0,3.0,4.0,,2.0,2.0,2.0,1.0,4.0,,1.0,3.0,2.0,5.0,7.0,1.0,2.0,,0.0,0.0,0.0,0.0,特にありません,伝承はして欲しいです。,技能を磨いて欲しい
m87776103453,55.0,1.0,1.0,2.0,5,1.0,1.0,1.0,5.0,1.0,,,4.0,1.0,,,1.0,,,2.0,,,3.0,7.0,,,3.0,3.0,3.0,4.0,,,1.0,3.0,2.0,,,4.0,,,0.0,0.0,1.0,0.0,ない,ない,ない
m89787558138,45.0,1.0,1.0,2.0,5,1.0,1.0,1.0,7.0,1.0,,,4.0,7.0,,,2.0,,,6.0,,,2.0,4.0,,,3.0,3.0,3.0,2.0,,,2.0,2.0,3.0,,,2.0,,,0.0,0.0,0.0,1.0,特になし,特になし,特になし
m8998762232,54.0,1.0,1.0,2.0,7,1.0,1.0,1.0,1.0,4.0,,,4.0,3.0,,,2.0,,,4.0,5.0,6.0,2.0,2.0,3.0,4.0,2.0,2.0,3.0,1.0,,,3.0,2.0,2.0,3.0,6.0,2.0,3.0,5.0,0.0,0.0,0.0,0.0,まだ検討できていない,現状を衰退させず維持していく,特にないです
m87773930455,57.0,1.0,1.0,2.0,8,1.0,0.0,2.0,7.0,4.0,,,1.0,8.0,,,5.0,,,5.0,,,1.0,2.0,,,1.0,1.0,1.0,1.0,,,5.0,1.0,5.0,,,2.0,,,0.0,0.0,0.0,0.0,特にない,伝統工芸は厳しい気がする,特にない
m8772377654,59.0,1.0,1.0,2.0,11,1.0,1.0,1.0,7.0,6.0,,,4.0,7.0,,,5.0,,,3.0,4.0,5.0,3.0,7.0,,,3.0,3.0,3.0,5.0,,,3.0,4.0,3.0,,,5.0,,,0.0,0.0,0.0,0.0,ない,ない,ない
m89786641226,54.0,1.0,1.0,2.0,5,0.0,1.0,1.0,1.0,1.0,,,3.0,6.0,,,1.0,2.0,3.0,1.0,4.0,5.0,1.0,1.0,3.0,5.0,1.0,3.0,3.0,2.0,4.0,,3.0,1.0,1.0,3.0,7.0,1.0,2.0,,0.0,1.0,0.0,0.0,技術マニュアルに限界がありますので、OJTの定着化を併用した取り組みが必要と考えています。,先は難色を感じていますが、お客様に興味、喜んでもらえる商品の創出に努力を惜しまなく継続するしかないと思います。,今後も引き続き期待頂き､発展させて参ります。
m87764697416,51.0,1.0,1.0,2.0,11,1.0,1.0,1.0,7.0,5.0,,,4.0,3.0,,,1.0,,,3.0,,,1.0,2.0,,,1.0,1.0,5.0,1.0,,,5.0,1.0,2.0,,,1.0,2.0,3.0,0.0,0.0,0.0,0.0,ロボティクス,軽食活動必須,とくになし
m87778973394,39.0,1.0,1.0,2.0,12,1.0,1.0,1.0,7.0,6.0,,,3.0,3.0,7.0,,1.0,2.0,5.0,4.0,,,1.0,2.0,3.0,5.0,1.0,1.0,2.0,4.0,,,3.0,1.0,1.0,2.0,3.0,3.0,,,0.0,0.0,0.0,0.0,ない,労働者減少の対応が必要,ない
m877684960,55.0,1.0,0.0,2.0,6,1.0,0.0,1.0,2.0,3.0,,,1.0,3.0,,,2.0,,,4.0,,,3.0,6.0,,,3.0,3.0,3.0,4.0,,,3.0,3.0,3.0,,,3.0,,,1.0,0.0,0.0,0.0,特になし,特になし,特になし
m8774770424,28.0,1.0,1.0,2.0,5,1.0,1.0,2.0,1.0,3.0,,,1.0,1.0,,,6.0,,,5.0,,,5.0,3.0,,,4.0,3.0,4.0,5.0,,,3.0,2.0,3.0,,,5.0,,,1.0,0.0,0.0,0.0,なし,かし,なし
m8835856252,46.0,1.0,0.0,2.0,8,0.0,0.0,1.0,1.0,1.0,,,4.0,2.0,,,4.0,5.0,,4.0,6.0,,3.0,2.0,3.0,4.0,2.0,3.0,3.0,1.0,4.0,,3.0,3.0,3.0,4.0,6.0,2.0,4.0,,0.0,0.0,0.0,0.0,なし,厳しい現状だが、若手への技能伝承を薦めたい,精密な製品を見てほしい
m87776094461,58.0,1.0,1.0,2.0,1,1.0,0.0,1.0,7.0,3.0,,,2.0,3.0,,,2.0,,,4.0,,,4.0,3.0,,,2.0,3.0,2.0,5.0,,,3.0,3.0,2.0,,,1.0,,,1.0,0.0,0.0,0.0,特にありません。,かなり厳しいです。,特にありません。
m8932855110,42.0,1.0,1.0,2.0,11,1.0,1.0,1.0,7.0,6.0,,,3.0,8.0,,,5.0,,,6.0,,,2.0,5.0,,,1.0,2.0,3.0,5.0,,,4.0,2.0,2.0,,,5.0,,,0.0,0.0,0.0,0.0,AI技術,若手の育て方,伝統工芸を守る
m87777042397,48.0,1.0,1.0,2.0,5,1.0,1.0,1.0,1.0,2.0,,,2.0,2.0,,,1.0,,,6.0,,,1.0,1.0,,,2.0,2.0,2.0,4.0,,,4.0,1.0,2.0,,,3.0,,,0.0,0.0,0.0,0.0,分からない,分からない,分からない
m89386025880,25.0,1.0,0.0,2.0,1,0.0,0.0,2.0,7.0,6.0,,,1.0,8.0,,,7.0,,,8.0,,,3.0,8.0,,,5.0,6.0,6.0,6.0,,,6.0,5.0,8.0,,,6.0,,,0.0,0.0,0.0,0.0,なし,なし,なし
m8776095878,60.0,1.0,0.0,2.0,7,0.0,0.0,1.0,7.0,3.0,,,1.0,3.0,,,2.0,,,5.0,,,3.0,1.0,,,3.0,3.0,3.0,2.0,,,3.0,2.0,4.0,,,3.0,,,1.0,0.0,0.0,0.0,特になし,後継者不足が問題,品質重視である
m8778259608,61.0,1.0,1.0,2.0,13,1.0,1.0,1.0,7.0,4.0,,,1.0,5.0,,,4.0,,,4.0,5.0,,2.0,3.0,4.0,,2.0,2.0,2.0,1.0,,,3.0,2.0,3.0,6.0,,3.0,4.0,,0.0,0.0,0.0,0.0,特になし,積極的な支援が必要,特になし
m8776510158,51.0,1.0,0.0,2.0,4,0.0,0.0,1.0,7.0,6.0,,,4.0,8.0,,,1.0,2.0,6.0,1.0,4.0,7.0,2.0,3.0,,,3.0,3.0,3.0,1.0,,,3.0,2.0,2.0,3.0,4.0,1.0,,,0.0,0.0,0.0,0.0,今のところ分からない。,若手絵の伝承が今後の課題,高くても手に取ってみてほしい。
m899787981,68.0,1.0,1.0,1.0,7,1.0,1.0,1.0,7.0,3.0,,,4.0,3.0,,,1.0,2.0,,4.0,6.0,,2.0,3.0,4.0,7.0,1.0,2.0,2.0,3.0,,,3.0,2.0,1.0,2.0,4.0,2.0,3.0,,1.0,0.0,0.0,0.0,AI導入による類似物件の自動設計を導入。,ところ変われば品代わるで、多種多様化が進んでいく。,職人の給料が安い。
m87773948908,63.0,1.0,0.0,2.0,4,0.0,0.0,1.0,7.0,1.0,,,1.0,1.0,,,1.0,,,4.0,6.0,,3.0,3.0,,,2.0,3.0,3.0,1.0,3.0,4.0,3.0,3.0,2.0,,,6.0,,,0.0,0.0,0.0,0.0,とくにありません,とくにありません,とくにありません
m89788373224,51.0,0.0,0.0,2.0,3,0.0,0.0,1.0,6.0,1.0,,,4.0,5.0,,,5.0,,,5.0,,,3.0,2.0,3.0,4.0,3.0,3.0,3.0,4.0,,,3.0,3.0,2.0,,,2.0,,,0.0,0.0,0.0,0.0,特になし,特になし,特になし
m8774581877,25.0,1.0,0.0,2.0,5,1.0,0.0,1.0,7.0,1.0,,,2.0,1.0,,,2.0,,,7.0,,,2.0,3.0,,,3.0,3.0,3.0,2.0,,,3.0,1.0,2.0,,,4.0,,,0.0,0.0,0.0,0.0,iPhone,iPhone,iPhone
m8788220041,59.0,1.0,1.0,2.0,11,1.0,1.0,1.0,7.0,1.0,,,4.0,8.0,,,2.0,5.0,,4.0,,,2.0,2.0,3.0,4.0,2.0,3.0,4.0,6.0,,,3.0,2.0,2.0,3.0,4.0,4.0,,,0.0,0.0,0.0,0.0,特になし,衰退しないようにしたい,後継者になってほしい
m89969776637,47.0,1.0,1.0,2.0,9,1.0,1.0,1.0,7.0,6.0,,,4.0,2.0,8.0,,1.0,,,7.0,,,3.0,3.0,,,3.0,3.0,3.0,1.0,,,1.0,3.0,4.0,,,2.0,,,0.0,0.0,0.0,0.0,ない,ない,ない
m87773747767,36.0,1.0,0.0,2.0,5,0.0,0.0,1.0,7.0,1.0,,,2.0,5.0,,,2.0,5.0,6.0,1.0,6.0,7.0,2.0,5.0,6.0,7.0,3.0,2.0,2.0,2.0,5.0,,4.0,2.0,2.0,,,1.0,2.0,5.0,0.0,0.0,0.0,0.0,記入はできません,年齢層が偏りがあるので退職で人手が足りなくなるのか不安です,記入することはありません
m8935933754,25.0,0.0,0.0,2.0,5,0.0,0.0,1.0,7.0,6.0,,,1.0,8.0,,,7.0,,,8.0,,,3.0,8.0,,,3.0,3.0,3.0,6.0,,,6.0,5.0,8.0,,,6.0,,,0.0,0.0,0.0,0.0,間違えた,間違えた,間違えた
m8770117291,54.0,1.0,0.0,2.0,4,0.0,0.0,2.0,1.0,1.0,,,1.0,8.0,,,1.0,,,4.0,,,3.0,3.0,,,3.0,3.0,6.0,6.0,,,6.0,3.0,2.0,,,4.0,,,0.0,0.0,0.0,0.0,特になし,特になし,特になし
m89388492346,49.0,1.0,0.0,2.0,4,1.0,0.0,1.0,7.0,1.0,,,4.0,1.0,,,1.0,4.0,,1.0,5.0,7.0,3.0,1.0,3.0,4.0,3.0,2.0,3.0,4.0,,,1.0,2.0,2.0,4.0,6.0,1.0,2.0,5.0,0.0,0.0,0.0,0.0,特になし,若手を育てなければならない。,今の所なし
m89383103085,50.0,1.0,1.0,2.0,6,1.0,1.0,1.0,1.0,1.0,,,4.0,8.0,,,1.0,,,4.0,,,1.0,2.0,3.0,6.0,2.0,2.0,2.0,6.0,,,3.0,3.0,2.0,3.0,4.0,1.0,2.0,,0.0,0.0,0.0,0.0,特に無し,よく分からない,特に無し
m87764003305,57.0,1.0,1.0,2.0,3,1.0,1.0,1.0,4.0,1.0,,,1.0,1.0,,,6.0,,,7.0,,,2.0,7.0,,,3.0,2.0,3.0,5.0,,,5.0,3.0,3.0,,,1.0,,,0.0,0.0,0.0,0.0,特にない,衰退,特にない
m8771783564,44.0,0.0,1.0,2.0,2,0.0,1.0,1.0,1.0,5.0,,,1.0,1.0,,,3.0,5.0,6.0,1.0,3.0,7.0,2.0,1.0,2.0,3.0,2.0,2.0,2.0,5.0,,,2.0,2.0,2.0,,,1.0,3.0,,0.0,1.0,0.0,1.0,かし,なし,なし
m87773832859,47.0,0.0,1.0,2.0,8,0.0,0.0,1.0,3.0,4.0,,,4.0,6.0,,,6.0,,,6.0,,,2.0,3.0,5.0,,3.0,3.0,3.0,5.0,,,1.0,3.0,3.0,5.0,,5.0,,,0.0,0.0,0.0,0.0,わかりません,わかりません,わかりません
m87773932120,53.0,1.0,0.0,2.0,8,0.0,0.0,1.0,1.0,2.0,3.0,,4.0,1.0,5.0,7.0,2.0,,,1.0,3.0,,3.0,3.0,6.0,,3.0,3.0,3.0,4.0,5.0,,1.0,2.0,3.0,,,2.0,,,1.0,0.0,0.0,0.0,未定です。,つづいてほしい。,価格転嫁が難しい。それではつづかない。
m87773828726,46.0,0.0,0.0,2.0,12,1.0,0.0,2.0,1.0,5.0,,,1.0,8.0,,,7.0,,,8.0,,,3.0,3.0,6.0,7.0,2.0,6.0,6.0,1.0,3.0,,3.0,5.0,3.0,6.0,,6.0,,,0.0,0.0,0.0,0.0,なし,なし,なし
m8864948989,58.0,1.0,0.0,2.0,5,0.0,0.0,1.0,1.0,1.0,,,3.0,8.0,,,7.0,,,4.0,,,5.0,8.0,,,5.0,6.0,6.0,6.0,,,3.0,3.0,8.0,,,6.0,,,0.0,0.0,0.0,0.0,なし,わからない,なし
m8777903508,60.0,1.0,1.0,2.0,7,1.0,1.0,2.0,7.0,5.0,,,3.0,3.0,4.0,,1.0,2.0,6.0,4.0,,,2.0,2.0,4.0,,2.0,3.0,3.0,4.0,,,3.0,2.0,2.0,3.0,4.0,1.0,2.0,,0.0,0.0,0.0,0.0,特にありません。,良く分かりません,特にありません。
m899601958,63.0,1.0,1.0,2.0,11,1.0,1.0,2.0,1.0,3.0,,,1.0,3.0,,,1.0,2.0,5.0,2.0,5.0,7.0,4.0,1.0,2.0,6.0,1.0,4.0,4.0,2.0,4.0,5.0,5.0,2.0,1.0,2.0,4.0,1.0,2.0,4.0,1.0,0.0,1.0,0.0,特にないです,長い年月継承してきたものなので、途切れることなく継承できる姿、やり方を地域で検討する必要があると思う,特にありません
m8998278447,54.0,1.0,1.0,2.0,5,1.0,1.0,1.0,1.0,6.0,,,4.0,5.0,,,1.0,,,5.0,,,3.0,3.0,7.0,,2.0,3.0,3.0,6.0,,,1.0,3.0,4.0,5.0,6.0,1.0,2.0,4.0,0.0,0.0,0.0,0.0,ない,わからない,ない
m87773599488,56.0,1.0,1.0,2.0,12,1.0,1.0,1.0,7.0,3.0,,,4.0,1.0,,,4.0,,,7.0,,,3.0,2.0,,,2.0,3.0,3.0,1.0,,,2.0,3.0,3.0,,,4.0,,,1.0,0.0,0.0,1.0,なし,なし,なし
m89984972798,48.0,0.0,0.0,1.0,3,0.0,0.0,2.0,7.0,1.0,,,1.0,8.0,,,7.0,,,8.0,,,3.0,2.0,3.0,4.0,3.0,6.0,6.0,4.0,,,6.0,5.0,8.0,,,6.0,,,0.0,0.0,0.0,0.0,わからない,わからない,わからない
m87774039123,41.0,1.0,0.0,2.0,8,1.0,0.0,1.0,1.0,1.0,,,3.0,3.0,,,1.0,,,4.0,,,3.0,2.0,,,3.0,3.0,3.0,4.0,,,4.0,3.0,2.0,,,3.0,,,0.0,0.0,0.0,0.0,特になし,特になし,特になし
m87786822121,41.0,0.0,0.0,2.0,3,1.0,0.0,2.0,1.0,5.0,,,4.0,3.0,,,2.0,,,4.0,,,3.0,2.0,,,1.0,6.0,3.0,1.0,,,1.0,4.0,3.0,,,1.0,,,0.0,0.0,0.0,0.0,なし,なし,なし
m87779058475,47.0,0.0,0.0,2.0,4,0.0,0.0,1.0,1.0,6.0,,,1.0,1.0,,,7.0,,,4.0,,,3.0,3.0,,,3.0,3.0,3.0,4.0,,,3.0,3.0,3.0,,,6.0,,,0.0,0.0,0.0,0.0,特にない,特にない,特にない
m8775789282,65.0,1.0,1.0,3.0,15,1.0,1.0,1.0,7.0,5.0,,,4.0,3.0,,,2.0,,,4.0,,,2.0,3.0,,,2.0,2.0,2.0,6.0,,,3.0,3.0,3.0,,,2.0,,,0.0,0.0,0.0,0.0,未定,やや明るい,なし
m87773969002,55.0,1.0,1.0,2.0,8,1.0,1.0,1.0,1.0,6.0,,,2.0,1.0,5.0,,2.0,5.0,,4.0,6.0,,1.0,2.0,4.0,,2.0,2.0,2.0,4.0,,,3.0,3.0,2.0,3.0,4.0,1.0,2.0,3.0,0.0,0.0,0.0,0.0,画像測定器,外国人実習生がたくさん来て、外国人中心のものづくりになる,値段よりも、デザインや品質に興味を持ってほしい
m89776992266,49.0,1.0,1.0,2.0,11,1.0,1.0,1.0,1.0,5.0,,,4.0,1.0,,,2.0,,,5.0,,,1.0,1.0,2.0,6.0,1.0,2.0,2.0,1.0,,,2.0,3.0,1.0,4.0,5.0,2.0,,,0.0,0.0,0.0,1.0,ない,大変,ない
m87773941272,57.0,1.0,1.0,2.0,9,1.0,1.0,1.0,7.0,5.0,,,1.0,3.0,5.0,7.0,1.0,2.0,5.0,4.0,5.0,6.0,2.0,2.0,3.0,6.0,2.0,2.0,3.0,1.0,,,4.0,2.0,1.0,5.0,7.0,2.0,3.0,4.0,0.0,0.0,0.0,0.0,産業用ロボット,世界戦略が必要,本物感を味わってほしい
m8882124686,62.0,1.0,1.0,2.0,10,1.0,1.0,2.0,7.0,5.0,,,4.0,3.0,,,5.0,,,6.0,,,2.0,4.0,,,3.0,2.0,2.0,6.0,,,1.0,3.0,2.0,3.0,,3.0,,,0.0,0.0,0.0,0.0,特になし,特になし,特になし
m89383966555,36.0,1.0,0.0,2.0,5,0.0,0.0,1.0,7.0,1.0,,,2.0,5.0,,,4.0,,,5.0,,,3.0,5.0,,,4.0,3.0,2.0,2.0,,,3.0,2.0,3.0,,,2.0,,,0.0,0.0,0.0,0.0,記入する事はありません,不安な事ばかりです,書くことはありません
m8775106910,36.0,1.0,1.0,2.0,4,1.0,1.0,1.0,5.0,2.0,3.0,,2.0,3.0,,,5.0,,,5.0,,,3.0,4.0,,,2.0,2.0,2.0,5.0,,,2.0,2.0,3.0,,,1.0,,,1.0,0.0,0.0,1.0,なし,なし,なし
m8776575286,55.0,1.0,0.0,2.0,4,1.0,0.0,2.0,7.0,5.0,,,1.0,1.0,,,6.0,,,1.0,,,3.0,1.0,,,3.0,6.0,6.0,2.0,,,3.0,3.0,3.0,,,1.0,,,0.0,0.0,0.0,0.0,ない,ない,ない
m8776789387,47.0,1.0,1.0,2.0,6,0.0,1.0,2.0,7.0,3.0,6.0,,3.0,8.0,,,1.0,4.0,5.0,1.0,4.0,5.0,2.0,1.0,3.0,4.0,2.0,2.0,2.0,1.0,4.0,5.0,1.0,2.0,2.0,3.0,4.0,1.0,2.0,3.0,1.0,0.0,0.0,0.0,特になし,特になし,特になし
m87776090431,63.0,1.0,1.0,2.0,5,1.0,1.0,1.0,7.0,1.0,,,4.0,1.0,,,1.0,5.0,,2.0,3.0,,2.0,2.0,,,4.0,3.0,4.0,5.0,,,3.0,4.0,6.0,,,5.0,,,0.0,0.0,1.0,0.0,ない,ない,ない
m877180658,60.0,1.0,0.0,3.0,3,1.0,0.0,1.0,7.0,6.0,,,4.0,1.0,,,5.0,,,3.0,,,1.0,4.0,,,3.0,3.0,3.0,4.0,,,1.0,3.0,2.0,,,2.0,,,0.0,0.0,0.0,0.0,特にない,特にない,特にない
m87783658906,30.0,1.0,0.0,2.0,8,0.0,0.0,2.0,7.0,6.0,,,2.0,8.0,,,2.0,4.0,5.0,3.0,4.0,6.0,1.0,1.0,3.0,6.0,1.0,2.0,3.0,1.0,4.0,,1.0,2.0,1.0,2.0,5.0,2.0,3.0,4.0,0.0,0.0,0.0,0.0,まだ分からない,技術の伝承がカギになる,価格だけで判断して欲しくない
m87773945262,57.0,1.0,1.0,2.0,3,1.0,1.0,1.0,1.0,5.0,,,4.0,5.0,,,1.0,2.0,5.0,1.0,4.0,7.0,1.0,2.0,3.0,6.0,1.0,1.0,4.0,5.0,,,3.0,2.0,2.0,3.0,7.0,1.0,2.0,3.0,0.0,0.0,0.0,0.0,特にないです,後継者の育成,これからも、良い製品を作っていきたい
m87764116337,59.0,1.0,1.0,2.0,1,1.0,1.0,1.0,1.0,1.0,,,4.0,1.0,,,5.0,,,7.0,,,3.0,4.0,,,4.0,4.0,4.0,4.0,,,3.0,4.0,2.0,,,1.0,2.0,,0.0,0.0,0.0,0.0,特にない,わからない,特にない
m89778577139,36.0,1.0,0.0,2.0,5,0.0,0.0,1.0,7.0,2.0,,,2.0,5.0,,,1.0,,,4.0,,,3.0,3.0,,,4.0,3.0,3.0,2.0,,,3.0,3.0,4.0,,,5.0,,,0.0,0.0,0.0,0.0,社内に関わるこのなので記入できることはありません。,特にはありません,特にはありません
m89778645105,53.0,0.0,1.0,3.0,13,1.0,1.0,2.0,5.0,5.0,,,1.0,1.0,,,5.0,,,6.0,,,3.0,2.0,,,3.0,6.0,6.0,3.0,,,3.0,4.0,7.0,,,1.0,,,0.0,0.0,0.0,0.0,なし,わからない,なし
m8776041718,42.0,1.0,0.0,1.0,4,1.0,0.0,1.0,1.0,1.0,,,2.0,6.0,,,1.0,6.0,,1.0,3.0,,3.0,2.0,5.0,,2.0,2.0,3.0,2.0,4.0,,3.0,2.0,2.0,3.0,,2.0,4.0,5.0,0.0,0.0,0.0,0.0,わからない,わからない,ありません
m87782228520,59.0,1.0,0.0,1.0,6,1.0,0.0,2.0,7.0,3.0,,,2.0,8.0,,,1.0,4.0,,5.0,,,2.0,2.0,,,2.0,2.0,2.0,2.0,,,3.0,2.0,2.0,,,3.0,,,1.0,0.0,0.0,0.0,ない,人手不足,いい商品を開発
m89762496129,40.0,1.0,0.0,1.0,2,0.0,0.0,1.0,7.0,6.0,,,1.0,7.0,,,4.0,,,4.0,,,2.0,1.0,,,2.0,2.0,3.0,1.0,,,3.0,3.0,2.0,3.0,,3.0,,,0.0,0.0,0.0,0.0,わからない,素晴らしい日本になる為に頑張りたい,なし
m87773834396,64.0,1.0,1.0,2.0,3,1.0,0.0,1.0,1.0,3.0,,,4.0,7.0,,,2.0,,,3.0,,,4.0,6.0,,,1.0,1.0,1.0,1.0,,,3.0,1.0,1.0,,,1.0,4.0,,1.0,0.0,0.0,0.0,nai,nai,nai
m87774037158,66.0,0.0,0.0,3.0,1,0.0,1.0,1.0,7.0,1.0,,,4.0,8.0,,,7.0,,,1.0,4.0,6.0,3.0,2.0,3.0,6.0,3.0,3.0,4.0,6.0,,,3.0,5.0,2.0,,,1.0,2.0,4.0,0.0,0.0,0.0,0.0,なし,暗い,価格
m89789979604,57.0,1.0,1.0,2.0,15,1.0,1.0,1.0,1.0,1.0,,,1.0,7.0,,,2.0,5.0,,5.0,,,3.0,3.0,,,3.0,3.0,3.0,1.0,,,2.0,1.0,2.0,,,4.0,,,0.0,0.0,0.0,1.0,特になし,特になし,特になし
m8780110485,55.0,1.0,1.0,2.0,12,1.0,1.0,1.0,1.0,1.0,3.0,5.0,2.0,3.0,4.0,5.0,1.0,2.0,5.0,3.0,5.0,6.0,1.0,3.0,4.0,6.0,1.0,1.0,1.0,1.0,4.0,5.0,5.0,2.0,1.0,2.0,3.0,1.0,2.0,4.0,1.0,0.0,0.0,0.0,工程,変化,なし
m8988238982,34.0,0.0,0.0,1.0,7,1.0,0.0,1.0,7.0,1.0,,,2.0,8.0,,,1.0,2.0,,3.0,4.0,5.0,2.0,2.0,3.0,4.0,2.0,3.0,3.0,6.0,,,3.0,3.0,2.0,3.0,7.0,2.0,,,0.0,0.0,0.0,0.0,不明,手書き等の記録に残してでも技術を継承させてほしいと願います。,ものづくりを履き違え、ものづくりと言えるレベルではない一部品作業員なので、伝統工芸品に関しては、フェア等を通じて、見て触れて買っていただけたらいいのではないかと思います。私も機会や予算があれば買ってみたいと思います。
m87773953051,39.0,1.0,0.0,1.0,4,1.0,0.0,2.0,7.0,1.0,,,3.0,3.0,,,6.0,,,6.0,,,3.0,3.0,,,3.0,3.0,3.0,3.0,,,5.0,3.0,4.0,,,2.0,,,0.0,0.0,0.0,0.0,特に,特になし,特になし
m8971456815,38.0,1.0,0.0,2.0,4,1.0,0.0,1.0,1.0,1.0,,,3.0,1.0,,,5.0,,,7.0,,,1.0,5.0,,,3.0,6.0,6.0,4.0,,,3.0,3.0,5.0,,,4.0,,,0.0,0.0,0.0,0.0,特になし,特に,なし
m87778734747,58.0,1.0,1.0,2.0,9,1.0,1.0,1.0,7.0,6.0,,,4.0,5.0,,,2.0,5.0,,4.0,6.0,,2.0,2.0,3.0,,2.0,2.0,3.0,5.0,,,1.0,2.0,2.0,3.0,,2.0,4.0,,0.0,0.0,0.0,0.0,特に具体案はなし,発展を希望する,特になし
m87773915115,46.0,1.0,1.0,2.0,7,1.0,1.0,2.0,1.0,6.0,,,4.0,8.0,,,5.0,,,6.0,,,3.0,4.0,,,3.0,3.0,3.0,1.0,,,1.0,3.0,6.0,,,3.0,,,0.0,0.0,0.0,0.0,なし,なり手が少ない,情報発信
m89762987170,56.0,1.0,1.0,1.0,10,1.0,1.0,1.0,3.0,1.0,,,4.0,8.0,,,2.0,4.0,5.0,4.0,6.0,,1.0,4.0,,,2.0,3.0,4.0,1.0,,,3.0,2.0,3.0,4.0,,2.0,5.0,,0.0,0.0,0.0,0.0,特に無し,技術の継承,難しさ
m87773923227,47.0,1.0,0.0,1.0,3,1.0,0.0,1.0,1.0,1.0,,,1.0,1.0,,,1.0,2.0,5.0,3.0,4.0,6.0,2.0,2.0,3.0,5.0,1.0,3.0,6.0,1.0,2.0,,3.0,2.0,1.0,2.0,4.0,1.0,2.0,3.0,0.0,0.0,0.0,0.0,無し,まだわからない,間口を広くして頂きたい
m87778726141,60.0,1.0,1.0,2.0,7,1.0,1.0,1.0,1.0,2.0,,,4.0,1.0,3.0,8.0,1.0,4.0,5.0,1.0,3.0,4.0,3.0,2.0,3.0,6.0,3.0,3.0,3.0,1.0,,,3.0,3.0,3.0,,,1.0,2.0,,0.0,0.0,0.0,0.0,特になし,技術継承を第一に考える,伝統文化を知って欲しい
m87876103244,36.0,1.0,0.0,2.0,5,0.0,0.0,1.0,7.0,3.0,,,2.0,5.0,,,6.0,,,2.0,,,4.0,3.0,,,3.0,3.0,3.0,2.0,,,5.0,4.0,5.0,,,2.0,,,1.0,0.0,1.0,0.0,機密なので記入できることはありません,特にはありません,書くことはありません
m87774599797,57.0,1.0,1.0,2.0,11,1.0,1.0,1.0,7.0,6.0,,,4.0,3.0,5.0,,1.0,2.0,5.0,4.0,5.0,6.0,1.0,2.0,3.0,4.0,1.0,3.0,4.0,1.0,,,3.0,3.0,2.0,3.0,4.0,1.0,2.0,3.0,0.0,0.0,0.0,0.0,完全自動化,継承すべき,特にない
m8776396924,56.0,1.0,1.0,2.0,7,1.0,1.0,1.0,1.0,1.0,,,3.0,2.0,3.0,5.0,1.0,2.0,5.0,4.0,,,1.0,3.0,,,1.0,4.0,4.0,1.0,,,3.0,2.0,2.0,3.0,4.0,1.0,2.0,3.0,0.0,0.0,0.0,0.0,特にない,特にない,特にない
m87776907673,30.0,0.0,1.0,1.0,3,0.0,1.0,2.0,1.0,1.0,,,1.0,1.0,,,1.0,,,4.0,,,3.0,7.0,,,4.0,4.0,3.0,3.0,,,4.0,3.0,5.0,,,3.0,,,0.0,0.0,0.0,0.0,なし,なし,なし
m87773928701,55.0,1.0,1.0,2.0,7,1.0,1.0,1.0,1.0,1.0,,,4.0,3.0,,,2.0,,,2.0,,,4.0,6.0,,,3.0,3.0,3.0,1.0,,,5.0,2.0,3.0,,,1.0,,,0.0,0.0,1.0,0.0,なし,なし,なし
m8774234497,28.0,0.0,1.0,2.0,8,1.0,1.0,1.0,1.0,1.0,,,2.0,2.0,5.0,,2.0,4.0,5.0,2.0,4.0,6.0,2.0,2.0,3.0,4.0,2.0,1.0,2.0,4.0,,,3.0,2.0,2.0,3.0,4.0,2.0,4.0,,0.0,0.0,1.0,0.0,自動の画像寸法検査器,興味を持った若者がどんどん減っていくので、今後は大量生産の安い品物が世の中に増えていく。,消費者には日本独自のデザインや品質を楽しんで欲しい。
m8931953683,26.0,1.0,0.0,2.0,12,1.0,0.0,1.0,1.0,5.0,,,1.0,5.0,,,2.0,,,4.0,6.0,,3.0,2.0,3.0,4.0,5.0,3.0,4.0,2.0,,,1.0,2.0,5.0,,,4.0,,,0.0,0.0,0.0,0.0,無し,楽観的に考えている,特にない
m87779284193,51.0,1.0,1.0,2.0,12,1.0,1.0,1.0,7.0,6.0,,,2.0,8.0,,,7.0,,,5.0,,,3.0,4.0,,,3.0,3.0,3.0,6.0,,,1.0,3.0,6.0,,,2.0,,,0.0,0.0,0.0,0.0,nasi,nasi,nasui
m87773928065,46.0,1.0,1.0,2.0,9,1.0,1.0,1.0,7.0,5.0,,,3.0,2.0,3.0,5.0,1.0,5.0,,4.0,6.0,,2.0,4.0,,,4.0,3.0,3.0,1.0,,,3.0,4.0,5.0,,,1.0,,,0.0,0.0,0.0,0.0,パソコン,悲観的,中国製品は買わないで
m8970109396,65.0,0.0,1.0,2.0,7,1.0,1.0,2.0,7.0,6.0,,,4.0,8.0,,,5.0,,,4.0,,,3.0,2.0,,,2.0,3.0,3.0,4.0,,,3.0,3.0,3.0,,,3.0,,,0.0,0.0,0.0,0.0,特にない,わからない,特になし
m89776475479,48.0,1.0,0.0,1.0,4,0.0,0.0,1.0,7.0,1.0,,,1.0,5.0,,,2.0,4.0,5.0,4.0,5.0,6.0,1.0,2.0,3.0,5.0,1.0,1.0,4.0,5.0,,,1.0,2.0,2.0,4.0,5.0,1.0,2.0,4.0,0.0,0.0,0.0,0.0,今のところはない,維持していくための支援を頑張る,わこらない
m87774045914,44.0,1.0,1.0,2.0,11,1.0,1.0,1.0,7.0,1.0,,,3.0,8.0,,,1.0,2.0,7.0,4.0,6.0,,2.0,2.0,3.0,,1.0,6.0,4.0,2.0,,,3.0,2.0,2.0,3.0,6.0,1.0,3.0,4.0,0.0,0.0,0.0,0.0,AI品質確認工程の導入,ロボットと人の融合,日々改善を行って作っている
m89386943959,46.0,1.0,1.0,2.0,5,1.0,1.0,1.0,7.0,1.0,,,1.0,1.0,,,5.0,6.0,,5.0,7.0,,3.0,4.0,,,3.0,3.0,2.0,4.0,,,3.0,3.0,3.0,,,2.0,,,0.0,0.0,0.0,0.0,なし,なし,なし
m8775157139,57.0,0.0,1.0,2.0,8,1.0,0.0,2.0,1.0,6.0,,,4.0,8.0,,,3.0,5.0,6.0,3.0,6.0,7.0,2.0,2.0,6.0,7.0,3.0,3.0,3.0,3.0,4.0,,3.0,2.0,1.0,2.0,3.0,2.0,3.0,4.0,0.0,1.0,0.0,0.0,なし,美しい,わからない
m8774914284,63.0,1.0,1.0,2.0,9,0.0,1.0,1.0,7.0,1.0,,,3.0,1.0,,,2.0,,,4.0,6.0,,2.0,3.0,,,2.0,3.0,3.0,2.0,4.0,,3.0,3.0,3.0,,,2.0,,,0.0,0.0,0.0,0.0,特になし,全自動化される,伝統技術を守る
m8782456215,29.0,0.0,0.0,2.0,8,1.0,0.0,1.0,3.0,3.0,,,3.0,3.0,,,1.0,,,2.0,,,4.0,3.0,,,4.0,3.0,4.0,3.0,,,4.0,2.0,6.0,,,4.0,,,1.0,0.0,1.0,0.0,な,さ,あ
m89788923401,43.0,1.0,1.0,2.0,13,1.0,1.0,1.0,7.0,2.0,,,4.0,8.0,,,1.0,2.0,,3.0,4.0,6.0,3.0,3.0,4.0,7.0,3.0,3.0,3.0,4.0,,,3.0,3.0,1.0,2.0,3.0,2.0,4.0,,0.0,0.0,0.0,0.0,なし,わからない,ない
m8772805046,61.0,1.0,0.0,1.0,5,0.0,0.0,2.0,7.0,6.0,,,3.0,8.0,,,2.0,,,2.0,3.0,4.0,2.0,4.0,,,3.0,2.0,3.0,3.0,5.0,,3.0,3.0,1.0,4.0,5.0,2.0,,,0.0,0.0,1.0,0.0,特になし,特になし,特になし
m87767023703,58.0,1.0,1.0,3.0,6,1.0,1.0,1.0,7.0,6.0,,,4.0,3.0,,,1.0,,,3.0,,,3.0,4.0,,,2.0,3.0,3.0,6.0,,,6.0,3.0,1.0,,,1.0,,,0.0,0.0,0.0,0.0,特にない,後継者不足,特にない
m87786741213,33.0,1.0,0.0,2.0,3,0.0,0.0,2.0,7.0,6.0,,,2.0,8.0,,,7.0,,,8.0,,,3.0,6.0,,,3.0,3.0,3.0,6.0,,,6.0,5.0,8.0,,,6.0,,,0.0,0.0,0.0,0.0,特になし,特になし,特になし
m87773951859,48.0,0.0,1.0,1.0,6,0.0,1.0,2.0,7.0,1.0,,,1.0,8.0,,,2.0,,,4.0,,,3.0,3.0,,,3.0,3.0,3.0,6.0,,,6.0,5.0,3.0,,,6.0,,,0.0,0.0,0.0,0.0,わからない,わからない,ない
m8775915507,41.0,1.0,1.0,2.0,11,1.0,1.0,1.0,1.0,3.0,4.0,,3.0,3.0,5.0,6.0,1.0,2.0,4.0,2.0,4.0,6.0,2.0,2.0,3.0,6.0,2.0,2.0,2.0,1.0,2.0,,5.0,2.0,1.0,2.0,4.0,2.0,3.0,4.0,1.0,0.0,1.0,0.0,各工程にAI導入,採算の合わない分野が増えていく,これまで通りに手に入らないものが増えていく
m8770111765,65.0,1.0,1.0,3.0,4,1.0,1.0,2.0,5.0,3.0,,,4.0,1.0,,,1.0,,,1.0,,,3.0,1.0,,,3.0,3.0,3.0,3.0,,,1.0,3.0,1.0,,,4.0,,,1.0,0.0,0.0,0.0,特になし,特になし,特になし
m87773931575,54.0,1.0,1.0,2.0,9,1.0,1.0,1.0,7.0,6.0,,,4.0,5.0,,,2.0,,,4.0,,,3.0,3.0,,,2.0,3.0,3.0,4.0,,,3.0,2.0,3.0,,,3.0,,,0.0,0.0,0.0,0.0,特になし,特になし,特になし
m8770104565,59.0,1.0,1.0,2.0,7,1.0,1.0,1.0,7.0,1.0,,,2.0,1.0,,,2.0,,,1.0,,,3.0,1.0,4.0,,4.0,3.0,4.0,4.0,,,2.0,3.0,3.0,,,1.0,2.0,4.0,0.0,0.0,0.0,1.0,特に無し,特に無し,特に無し
m87471077151,44.0,1.0,1.0,2.0,8,1.0,1.0,1.0,1.0,5.0,,,1.0,3.0,4.0,,1.0,,,7.0,,,4.0,1.0,,,3.0,5.0,4.0,5.0,,,3.0,3.0,5.0,,,2.0,,,0.0,0.0,0.0,0.0,特になし,特になし,特になし
m87769872080,54.0,1.0,1.0,2.0,12,1.0,1.0,1.0,1.0,3.0,,,1.0,3.0,5.0,7.0,1.0,2.0,,4.0,,,2.0,3.0,6.0,,1.0,3.0,4.0,1.0,,,1.0,1.0,1.0,2.0,3.0,1.0,3.0,,1.0,0.0,0.0,0.0,ない,分野によって異なる,ない
m8993010110,52.0,1.0,1.0,2.0,13,1.0,1.0,2.0,1.0,4.0,5.0,,3.0,3.0,5.0,6.0,1.0,3.0,4.0,1.0,5.0,7.0,1.0,1.0,2.0,6.0,1.0,1.0,2.0,1.0,2.0,3.0,5.0,1.0,2.0,4.0,7.0,1.0,2.0,3.0,0.0,1.0,0.0,0.0,なし,小規模のままだと難しい,安物で満足せず良いものをみてほしい
m89777261228,60.0,0.0,0.0,1.0,2,1.0,1.0,1.0,7.0,6.0,,,3.0,8.0,,,1.0,2.0,5.0,6.0,,,3.0,4.0,,,3.0,3.0,3.0,5.0,,,3.0,4.0,2.0,,,5.0,,,0.0,0.0,0.0,0.0,特にない,特になし,特にない
m87774039758,63.0,1.0,0.0,2.0,6,1.0,0.0,2.0,7.0,6.0,,,4.0,8.0,,,2.0,,,3.0,,,3.0,3.0,,,2.0,3.0,3.0,5.0,,,3.0,3.0,1.0,,,2.0,,,0.0,0.0,0.0,0.0,ない,わからない,なし
m8775612995,62.0,1.0,1.0,1.0,3,1.0,0.0,1.0,7.0,2.0,3.0,,4.0,1.0,,,1.0,2.0,4.0,3.0,4.0,6.0,3.0,3.0,,,3.0,2.0,2.0,4.0,,,3.0,2.0,1.0,2.0,3.0,2.0,3.0,5.0,1.0,0.0,0.0,0.0,特にない,売れないものをつくっても仕方ない。なるようにしかならない。,満足度のフィードバックが欲しい。
m8771866981,39.0,1.0,0.0,2.0,6,0.0,0.0,1.0,1.0,6.0,,,1.0,3.0,,,7.0,,,8.0,,,3.0,8.0,,,3.0,3.0,3.0,6.0,,,6.0,5.0,8.0,,,6.0,,,0.0,0.0,0.0,0.0,特になし,特になし,特になし
m8778498646,76.0,1.0,1.0,2.0,5,1.0,1.0,1.0,1.0,1.0,,,1.0,3.0,,,1.0,,,1.0,,,3.0,3.0,,,2.0,2.0,2.0,3.0,,,1.0,2.0,3.0,,,4.0,,,0.0,0.0,0.0,0.0,sirimasenndesuyou,dousitarayouidesuka,mattakuwakarannzoe
m87784611488,62.0,1.0,1.0,1.0,11,1.0,1.0,1.0,7.0,6.0,,,4.0,8.0,,,4.0,,,4.0,5.0,6.0,2.0,1.0,6.0,,3.0,3.0,3.0,3.0,5.0,,5.0,2.0,3.0,4.0,,5.0,,,0.0,0.0,0.0,0.0,ない,ない,ない
m8770099347,45.0,1.0,1.0,2.0,7,0.0,1.0,1.0,7.0,4.0,,,3.0,7.0,,,3.0,,,5.0,,,3.0,6.0,,,5.0,3.0,3.0,5.0,,,2.0,4.0,4.0,,,4.0,,,0.0,1.0,0.0,1.0,特に,特に,特に
m87772767612,50.0,1.0,0.0,1.0,4,0.0,0.0,2.0,1.0,1.0,,,1.0,1.0,,,5.0,,,4.0,,,5.0,4.0,,,1.0,3.0,6.0,5.0,,,1.0,4.0,6.0,,,2.0,,,0.0,0.0,0.0,0.0,なし,わからない,わからない
m87776735122,33.0,1.0,0.0,2.0,15,1.0,0.0,1.0,7.0,4.0,,,2.0,8.0,,,2.0,5.0,,4.0,5.0,6.0,2.0,2.0,4.0,,1.0,3.0,3.0,5.0,,,3.0,2.0,1.0,3.0,,1.0,3.0,,0.0,0.0,0.0,0.0,自動寸法測定機,未来に残すべき,価値がわかる人だけ買ってほしい
m87783742530,56.0,1.0,1.0,2.0,5,1.0,1.0,2.0,7.0,4.0,,,4.0,8.0,,,3.0,,,7.0,,,3.0,3.0,,,3.0,3.0,3.0,1.0,,,1.0,3.0,3.0,,,3.0,,,0.0,1.0,0.0,0.0,関わってない,関わってない,がか
m87773939909,55.0,1.0,1.0,2.0,7,1.0,1.0,1.0,1.0,1.0,,,2.0,1.0,,,5.0,,,4.0,,,2.0,3.0,,,2.0,2.0,3.0,1.0,,,3.0,2.0,3.0,,,2.0,3.0,,0.0,0.0,0.0,0.0,無,規模は小さくなるが続いてほしい,品質第一で作業している
m89787887360,51.0,1.0,1.0,2.0,8,1.0,1.0,1.0,7.0,3.0,,,3.0,2.0,5.0,6.0,1.0,2.0,,4.0,,,2.0,4.0,,,3.0,3.0,3.0,5.0,,,6.0,2.0,1.0,2.0,5.0,2.0,3.0,4.0,1.0,0.0,0.0,0.0,特になし,伝統の継承と最新の技術、デザインの両立,特になし
m87778849009,62.0,1.0,1.0,1.0,10,1.0,1.0,1.0,7.0,6.0,,,4.0,3.0,5.0,7.0,2.0,5.0,,4.0,6.0,,1.0,2.0,3.0,4.0,2.0,6.0,4.0,1.0,,,1.0,2.0,2.0,3.0,4.0,1.0,2.0,4.0,0.0,0.0,0.0,0.0,水素燃焼,あまりにもコストカット主義に走り過ぎて必要なものにお金をかけていない,特になし
m87777988647,41.0,0.0,0.0,1.0,5,0.0,1.0,1.0,7.0,1.0,,,2.0,8.0,,,7.0,,,8.0,,,3.0,8.0,,,5.0,6.0,6.0,6.0,,,6.0,5.0,8.0,,,6.0,,,0.0,0.0,0.0,0.0,なし,なし,なし
m899231890,49.0,0.0,1.0,1.0,8,1.0,1.0,2.0,7.0,1.0,,,1.0,8.0,,,7.0,,,5.0,,,3.0,4.0,,,3.0,3.0,3.0,3.0,,,1.0,3.0,1.0,,,3.0,,,0.0,0.0,0.0,0.0,わからない,わからない,わからない
m8880109604,58.0,1.0,1.0,2.0,11,1.0,1.0,1.0,7.0,6.0,,,3.0,3.0,,,2.0,5.0,6.0,3.0,4.0,6.0,1.0,2.0,3.0,7.0,1.0,2.0,4.0,6.0,,,3.0,2.0,1.0,2.0,3.0,1.0,2.0,4.0,0.0,0.0,0.0,0.0,言えない言えない,人手不足にて今後はaiも必要不可欠,広い視野で製品を見てください
m87783320478,31.0,0.0,0.0,1.0,4,0.0,0.0,2.0,7.0,1.0,,,2.0,1.0,,,5.0,,,6.0,,,3.0,6.0,,,3.0,3.0,3.0,4.0,,,1.0,3.0,2.0,,,2.0,,,0.0,0.0,0.0,0.0,なし,なし,なし
m8770024789,58.0,1.0,0.0,2.0,4,1.0,0.0,1.0,7.0,4.0,,,4.0,5.0,7.0,,1.0,5.0,,4.0,6.0,,5.0,2.0,,,3.0,5.0,5.0,1.0,,,1.0,4.0,6.0,,,2.0,,,0.0,0.0,0.0,0.0,何もない 来月でお終いね,なにもないですよ,だから言うことは何もないって
m8774442515,52.0,1.0,1.0,2.0,10,1.0,0.0,1.0,1.0,1.0,,,4.0,8.0,,,4.0,,,6.0,,,3.0,4.0,5.0,,1.0,2.0,3.0,1.0,,,1.0,2.0,2.0,4.0,,2.0,3.0,,0.0,0.0,0.0,0.0,特にない,少し暗い,ない
m877858976,61.0,1.0,1.0,1.0,7,1.0,1.0,1.0,1.0,1.0,,,2.0,2.0,7.0,8.0,1.0,2.0,,4.0,5.0,6.0,2.0,2.0,3.0,4.0,1.0,3.0,2.0,4.0,,,5.0,2.0,2.0,3.0,,3.0,,,0.0,0.0,0.0,0.0,AI,人手不足,交流
m89784426575,35.0,1.0,1.0,2.0,9,1.0,1.0,2.0,7.0,3.0,,,1.0,8.0,,,2.0,,,2.0,,,3.0,6.0,,,3.0,3.0,3.0,3.0,,,5.0,3.0,4.0,,,2.0,,,1.0,0.0,1.0,0.0,ない,ない,ない
m87781959733,55.0,1.0,1.0,2.0,6,1.0,1.0,1.0,1.0,4.0,,,1.0,3.0,,,1.0,5.0,,3.0,5.0,,3.0,3.0,4.0,,3.0,3.0,3.0,1.0,,,3.0,2.0,2.0,3.0,5.0,2.0,3.0,4.0,0.0,0.0,0.0,0.0,特になし,特になし,特になし
m8931521223,51.0,0.0,0.0,2.0,9,1.0,0.0,2.0,7.0,5.0,,,2.0,8.0,,,1.0,2.0,,4.0,5.0,,2.0,3.0,6.0,,2.0,2.0,2.0,2.0,,,3.0,2.0,2.0,3.0,,2.0,4.0,,0.0,0.0,0.0,0.0,特にない,特にない,特にない
m87761218859,43.0,1.0,1.0,2.0,10,1.0,1.0,1.0,7.0,1.0,,,3.0,8.0,,,1.0,2.0,,2.0,4.0,5.0,3.0,2.0,7.0,,3.0,3.0,3.0,6.0,,,3.0,3.0,2.0,3.0,,4.0,,,0.0,0.0,1.0,0.0,特になし,若手育成が必須,特になし
m8771825163,37.0,1.0,1.0,2.0,5,1.0,1.0,1.0,1.0,1.0,,,3.0,1.0,,,4.0,,,3.0,,,1.0,2.0,,,1.0,2.0,3.0,2.0,,,1.0,1.0,2.0,,,4.0,,,0.0,0.0,0.0,0.0,なし,なし,なし
m8775812602,63.0,0.0,1.0,1.0,4,1.0,1.0,2.0,7.0,1.0,,,2.0,2.0,,,2.0,,,4.0,5.0,,3.0,2.0,3.0,,3.0,3.0,3.0,2.0,,,3.0,3.0,2.0,,,4.0,,,0.0,0.0,0.0,0.0,判らない,判らない,判らない
m89777582315,47.0,1.0,1.0,2.0,5,1.0,1.0,1.0,7.0,1.0,,,4.0,8.0,,,1.0,5.0,,4.0,6.0,7.0,1.0,3.0,4.0,7.0,1.0,6.0,4.0,4.0,,,3.0,4.0,2.0,3.0,6.0,2.0,,,0.0,0.0,0.0,0.0,分かりません,先行きは暗い,特になし
m8826778530,49.0,1.0,0.0,2.0,5,1.0,0.0,1.0,7.0,1.0,,,4.0,1.0,,,2.0,,,4.0,,,3.0,3.0,,,3.0,3.0,3.0,1.0,,,1.0,3.0,2.0,,,3.0,,,0.0,0.0,0.0,0.0,検討,未来,伝えたいこと
m87784557060,44.0,0.0,1.0,2.0,13,0.0,1.0,1.0,3.0,2.0,,,4.0,2.0,,,5.0,,,6.0,,,3.0,5.0,,,2.0,2.0,2.0,2.0,,,1.0,2.0,3.0,,,2.0,,,0.0,0.0,0.0,0.0,AI,AI明るい,人件費削減
m87773931435,49.0,1.0,1.0,2.0,7,1.0,0.0,1.0,1.0,1.0,,,1.0,5.0,,,5.0,,,4.0,,,3.0,3.0,,,3.0,2.0,2.0,4.0,,,3.0,3.0,2.0,3.0,,4.0,,,0.0,0.0,0.0,0.0,特になし,特になし,特になし
m87773917399,52.0,1.0,1.0,2.0,8,1.0,1.0,1.0,1.0,4.0,,,4.0,8.0,,,2.0,,,6.0,,,2.0,3.0,,,2.0,3.0,3.0,6.0,,,3.0,1.0,2.0,,,1.0,2.0,,0.0,0.0,0.0,0.0,ない,衰退の一途,移民反対
m8971266083,57.0,1.0,1.0,2.0,7,1.0,1.0,1.0,1.0,1.0,,,4.0,1.0,3.0,6.0,2.0,4.0,6.0,1.0,4.0,7.0,1.0,1.0,3.0,7.0,1.0,1.0,3.0,1.0,3.0,4.0,3.0,2.0,2.0,4.0,7.0,1.0,3.0,4.0,0.0,0.0,0.0,0.0,画像による、製品品質管理,伝承を途絶えさせないように、技術をアップデートする事が大切,どのような品物でも、生産者がいることを忘れないで欲しい
m8774791806,47.0,1.0,1.0,2.0,8,1.0,1.0,1.0,7.0,1.0,,,4.0,8.0,,,2.0,,,4.0,6.0,,3.0,2.0,3.0,4.0,3.0,3.0,4.0,6.0,,,3.0,2.0,2.0,3.0,6.0,1.0,2.0,3.0,0.0,0.0,0.0,0.0,特になし,後継者が少ないので、このままでは,なし
m87781837753,56.0,1.0,1.0,2.0,5,1.0,1.0,1.0,1.0,6.0,,,1.0,3.0,8.0,,2.0,,,4.0,,,2.0,2.0,3.0,4.0,2.0,2.0,3.0,6.0,,,3.0,2.0,2.0,3.0,,1.0,4.0,,0.0,0.0,0.0,0.0,なし,先細り,特になし
m8786008704,54.0,1.0,0.0,1.0,3,1.0,0.0,2.0,7.0,6.0,,,1.0,8.0,,,7.0,,,8.0,,,5.0,8.0,,,5.0,6.0,6.0,6.0,,,6.0,5.0,8.0,,,6.0,,,0.0,0.0,0.0,0.0,あ,あ,あ
m8777697188,66.0,1.0,1.0,1.0,3,1.0,1.0,1.0,7.0,6.0,,,4.0,8.0,,,2.0,,,3.0,,,3.0,2.0,3.0,,3.0,3.0,3.0,1.0,,,3.0,3.0,3.0,,,3.0,,,0.0,0.0,0.0,0.0,特にない,特にない,特にない
m8821895263,46.0,0.0,0.0,2.0,6,0.0,0.0,1.0,7.0,6.0,,,1.0,8.0,,,2.0,4.0,5.0,3.0,5.0,6.0,4.0,3.0,,,2.0,6.0,5.0,3.0,,,4.0,2.0,3.0,,,5.0,,,0.0,0.0,0.0,0.0,不明,継承,沢山
m87775899087,28.0,1.0,0.0,2.0,13,1.0,0.0,1.0,1.0,1.0,2.0,,3.0,1.0,2.0,3.0,1.0,6.0,,2.0,6.0,,1.0,3.0,5.0,6.0,1.0,1.0,1.0,3.0,5.0,,4.0,1.0,1.0,4.0,,1.0,3.0,,0.0,0.0,1.0,0.0,特に,特に,特に
m8776437214,59.0,1.0,1.0,3.0,6,1.0,1.0,2.0,7.0,1.0,,,4.0,8.0,,,5.0,,,4.0,,,2.0,1.0,3.0,,2.0,2.0,3.0,4.0,,,1.0,2.0,1.0,2.0,3.0,3.0,,,0.0,0.0,0.0,0.0,特になし,伝統を引き続ける,特になし
m87771516363,62.0,1.0,0.0,1.0,2,1.0,1.0,2.0,5.0,1.0,,,1.0,7.0,,,5.0,,,3.0,,,5.0,4.0,,,4.0,4.0,4.0,3.0,,,2.0,4.0,6.0,,,2.0,,,0.0,0.0,0.0,1.0,なし,なし,なし
m87774035750,30.0,1.0,0.0,2.0,12,1.0,0.0,1.0,7.0,5.0,,,1.0,1.0,3.0,5.0,1.0,6.0,,1.0,5.0,,1.0,4.0,5.0,,1.0,1.0,2.0,1.0,3.0,,5.0,2.0,1.0,3.0,,2.0,5.0,,0.0,0.0,0.0,0.0,人工知能,とても自分にマッチしていると感じさせられる。,技術の承継に協力を
m87788742926,66.0,1.0,1.0,2.0,4,1.0,1.0,1.0,7.0,1.0,2.0,,4.0,8.0,,,1.0,2.0,4.0,4.0,,,2.0,3.0,,,2.0,2.0,3.0,1.0,2.0,,3.0,2.0,2.0,3.0,4.0,1.0,2.0,3.0,0.0,0.0,0.0,0.0,製品の梱包の効率化が必要かと思います。,人材の確保が最重要課題と思います。,特になし。
m8932148703,50.0,1.0,0.0,2.0,5,1.0,0.0,2.0,7.0,1.0,,,2.0,5.0,,,2.0,,,4.0,,,3.0,2.0,3.0,4.0,2.0,2.0,3.0,1.0,,,1.0,3.0,2.0,3.0,6.0,4.0,,,0.0,0.0,0.0,0.0,特になし,特になし,特になし
m87773931608,49.0,1.0,1.0,2.0,7,1.0,1.0,1.0,1.0,1.0,,,1.0,8.0,,,7.0,,,6.0,,,3.0,4.0,,,3.0,3.0,3.0,6.0,,,6.0,4.0,8.0,,,6.0,,,0.0,0.0,0.0,0.0,特になし,特になし,特になし
m87777705520,60.0,1.0,1.0,2.0,8,1.0,1.0,1.0,7.0,5.0,,,4.0,8.0,,,1.0,2.0,,4.0,6.0,7.0,2.0,2.0,4.0,7.0,2.0,2.0,2.0,3.0,4.0,,5.0,2.0,2.0,7.0,,1.0,2.0,4.0,0.0,0.0,0.0,0.0,わからない,分からない,特に無し
m89378363788,52.0,0.0,0.0,2.0,10,1.0,1.0,1.0,7.0,1.0,,,4.0,5.0,,,3.0,,,3.0,,,3.0,3.0,,,5.0,3.0,3.0,1.0,,,3.0,1.0,2.0,,,4.0,,,0.0,1.0,0.0,0.0,わからないです,わからないです,わからないです
m8772598537,53.0,1.0,1.0,2.0,9,1.0,1.0,2.0,1.0,1.0,,,4.0,8.0,,,6.0,,,3.0,6.0,,3.0,3.0,,,2.0,3.0,3.0,1.0,,,1.0,3.0,3.0,,,3.0,,,0.0,0.0,0.0,0.0,特にない,特にない。,特にない
m89785603126,63.0,1.0,1.0,2.0,4,1.0,1.0,1.0,1.0,1.0,,,4.0,5.0,,,1.0,,,4.0,,,2.0,2.0,,,2.0,2.0,2.0,1.0,,,1.0,3.0,3.0,,,4.0,,,0.0,0.0,0.0,0.0,特にありません。,特にありません。,特にありません。
m87787480639,53.0,1.0,1.0,2.0,10,1.0,1.0,1.0,7.0,1.0,,,4.0,3.0,6.0,,1.0,2.0,,4.0,6.0,,4.0,2.0,3.0,,2.0,4.0,3.0,4.0,,,1.0,3.0,2.0,3.0,,2.0,4.0,,0.0,0.0,0.0,0.0,とくになし,とくになし,とくになし
m8778246028,58.0,1.0,1.0,2.0,7,1.0,1.0,1.0,7.0,6.0,,,4.0,2.0,3.0,5.0,1.0,2.0,5.0,4.0,5.0,7.0,1.0,2.0,3.0,4.0,1.0,1.0,4.0,1.0,,,3.0,2.0,1.0,3.0,7.0,3.0,,,0.0,0.0,0.0,0.0,開発帳票のシステム一元化管理,まだまだ国内産の製品は進歩する,国内生産の商品を買ってほしい
m87787123617,59.0,0.0,1.0,1.0,5,1.0,1.0,2.0,7.0,6.0,,,1.0,8.0,,,7.0,,,4.0,7.0,,1.0,4.0,,,3.0,3.0,6.0,6.0,,,3.0,3.0,2.0,3.0,7.0,2.0,,,0.0,0.0,0.0,0.0,特になし,衰退していくようなイメージです。,昔ながらの技術は必要だと思います。
m87773952174,51.0,0.0,0.0,1.0,1,0.0,1.0,1.0,7.0,1.0,,,1.0,8.0,,,7.0,,,4.0,,,4.0,3.0,,,3.0,3.0,3.0,6.0,,,3.0,3.0,3.0,,,2.0,,,0.0,0.0,0.0,0.0,なし,なし,なし
m88278253795,49.0,1.0,0.0,2.0,6,0.0,0.0,1.0,1.0,1.0,,,1.0,5.0,,,1.0,,,3.0,,,3.0,3.0,,,3.0,3.0,3.0,2.0,,,5.0,3.0,4.0,,,4.0,,,0.0,0.0,0.0,0.0,ない,ない,ない
m8777520497,56.0,1.0,1.0,2.0,10,1.0,1.0,1.0,1.0,6.0,,,4.0,3.0,5.0,7.0,1.0,2.0,,4.0,5.0,6.0,2.0,2.0,3.0,,3.0,2.0,3.0,4.0,,,1.0,1.0,1.0,3.0,,2.0,3.0,,0.0,0.0,0.0,0.0,特になし,日本は大丈夫？,もう少し若者に根性論を教えておいた方がいい
m87774044832,42.0,1.0,1.0,2.0,6,1.0,1.0,1.0,1.0,3.0,,,3.0,3.0,5.0,,1.0,2.0,,4.0,5.0,7.0,3.0,2.0,3.0,4.0,1.0,1.0,3.0,1.0,3.0,4.0,3.0,2.0,1.0,2.0,3.0,1.0,2.0,3.0,1.0,0.0,0.0,0.0,特になし。,現状維持では衰退すると考えている。,特になし。
m89783955074,55.0,1.0,1.0,2.0,11,0.0,1.0,2.0,7.0,4.0,,,1.0,8.0,,,7.0,,,8.0,,,1.0,1.0,6.0,,1.0,2.0,2.0,1.0,4.0,5.0,2.0,2.0,3.0,5.0,,1.0,2.0,,0.0,0.0,0.0,1.0,なし,なし,なし
m87771757863,46.0,1.0,1.0,2.0,11,1.0,1.0,2.0,7.0,6.0,,,2.0,3.0,5.0,,1.0,2.0,,4.0,,,2.0,3.0,,,2.0,2.0,3.0,5.0,,,3.0,1.0,3.0,4.0,,2.0,,,0.0,0.0,0.0,0.0,特になし,残すものと変えていくものの見極めが大事,特になし
m87773955980,59.0,1.0,1.0,2.0,11,1.0,1.0,1.0,7.0,1.0,,,4.0,8.0,,,1.0,,,4.0,6.0,,2.0,3.0,,,2.0,2.0,2.0,1.0,5.0,,3.0,2.0,2.0,,,1.0,4.0,,0.0,0.0,0.0,0.0,特になし,継承が必要,特になし
m87771863516,34.0,1.0,0.0,1.0,3,0.0,0.0,2.0,5.0,1.0,,,1.0,1.0,,,3.0,,,2.0,,,3.0,2.0,,,3.0,3.0,3.0,1.0,,,5.0,3.0,3.0,,,1.0,,,0.0,1.0,1.0,0.0,ない,ない,ない
m87773934441,34.0,0.0,1.0,2.0,9,0.0,1.0,1.0,1.0,1.0,,,2.0,1.0,,,2.0,,,1.0,,,3.0,1.0,5.0,,2.0,3.0,3.0,1.0,3.0,,3.0,3.0,2.0,,,5.0,,,0.0,0.0,0.0,0.0,なし,手作りが味があって良いとされる,手作りの良さをわかってもらえない
m87773949127,61.0,1.0,1.0,2.0,9,1.0,1.0,1.0,1.0,1.0,,,4.0,3.0,5.0,,4.0,,,4.0,,,3.0,4.0,,,3.0,3.0,3.0,2.0,,,5.0,3.0,4.0,,,4.0,,,0.0,0.0,0.0,0.0,ない,スピード,大切
m87779036480,46.0,1.0,1.0,2.0,5,1.0,1.0,1.0,7.0,5.0,,,3.0,7.0,,,1.0,,,2.0,,,1.0,3.0,,,2.0,2.0,2.0,3.0,,,5.0,1.0,2.0,,,1.0,,,0.0,0.0,1.0,0.0,なんとなく,なんとなく,なんとなく
m88279284237,62.0,1.0,0.0,2.0,5,0.0,0.0,1.0,7.0,6.0,,,3.0,7.0,,,5.0,,,2.0,,,4.0,6.0,,,3.0,4.0,3.0,4.0,,,1.0,2.0,3.0,,,2.0,,,0.0,0.0,1.0,0.0,特になし,特になし,特になし
m87773926690,61.0,1.0,1.0,1.0,4,1.0,1.0,1.0,7.0,1.0,,,4.0,8.0,,,6.0,,,4.0,7.0,,3.0,3.0,,,3.0,3.0,1.0,6.0,,,3.0,1.0,2.0,,,1.0,,,0.0,0.0,0.0,0.0,特にない,特にない,特にない
m89786224388,53.0,1.0,1.0,2.0,11,1.0,1.0,1.0,7.0,1.0,,,4.0,1.0,,,5.0,,,6.0,,,3.0,2.0,,,3.0,3.0,3.0,5.0,,,5.0,3.0,3.0,,,3.0,,,0.0,0.0,0.0,0.0,特になし,わからない,特になし
m8992215014,60.0,1.0,1.0,2.0,10,1.0,1.0,1.0,1.0,6.0,,,4.0,3.0,,,1.0,2.0,5.0,4.0,6.0,,2.0,2.0,3.0,4.0,2.0,2.0,4.0,4.0,,,3.0,2.0,2.0,3.0,,2.0,,,0.0,0.0,0.0,0.0,自動化と品質管理,いつまでも継承してほしい,消費の低迷を避けてほしい
m87773919153,51.0,1.0,1.0,2.0,7,0.0,1.0,1.0,7.0,5.0,,,1.0,4.0,,,5.0,,,5.0,,,3.0,6.0,,,3.0,3.0,3.0,2.0,,,5.0,3.0,4.0,,,4.0,,,0.0,0.0,0.0,0.0,特にありません,希望がある,是非使ってほしい
m88882311253,54.0,1.0,1.0,3.0,15,1.0,1.0,2.0,2.0,1.0,,,2.0,5.0,,,3.0,,,1.0,,,5.0,3.0,,,5.0,3.0,3.0,1.0,,,5.0,2.0,4.0,,,1.0,,,0.0,1.0,0.0,0.0,無い,ない,ない
m8932855060,57.0,1.0,1.0,2.0,10,1.0,1.0,1.0,1.0,2.0,,,4.0,1.0,,,1.0,2.0,,3.0,4.0,,2.0,2.0,4.0,,2.0,2.0,2.0,1.0,,,3.0,2.0,3.0,,,1.0,,,0.0,0.0,0.0,0.0,工程管理,伝承をうまくしていきたい,興味があるなら体験を
m8778229421,71.0,1.0,1.0,3.0,11,1.0,1.0,1.0,2.0,5.0,,,4.0,1.0,,,2.0,3.0,,1.0,5.0,,1.0,2.0,3.0,4.0,1.0,1.0,2.0,1.0,2.0,4.0,3.0,2.0,2.0,4.0,5.0,3.0,5.0,,0.0,1.0,0.0,0.0,曲線造形の実現,真限の可能性,さらなる価値意識
m8774643989,70.0,1.0,0.0,1.0,3,0.0,1.0,1.0,7.0,1.0,,,2.0,1.0,,,7.0,,,1.0,4.0,,3.0,6.0,,,3.0,6.0,4.0,6.0,,,5.0,2.0,1.0,2.0,,1.0,2.0,,0.0,0.0,0.0,0.0,特にない,大変厳しい,特にない
m8972078138,76.0,1.0,1.0,1.0,4,1.0,1.0,1.0,7.0,1.0,,,4.0,3.0,,,4.0,,,4.0,,,1.0,2.0,,,2.0,3.0,3.0,4.0,,,3.0,2.0,1.0,,,3.0,,,0.0,0.0,0.0,0.0,3dcad,より発展する,ハード的な技術
m8775530695,50.0,0.0,1.0,2.0,4,1.0,0.0,1.0,1.0,2.0,,,3.0,3.0,,,4.0,,,6.0,,,3.0,3.0,,,3.0,3.0,3.0,3.0,,,1.0,3.0,3.0,,,3.0,,,0.0,0.0,0.0,0.0,なし,なし,なし
m8775646205,44.0,1.0,1.0,2.0,8,1.0,1.0,1.0,7.0,1.0,,,4.0,8.0,,,1.0,5.0,,4.0,,,3.0,6.0,,,3.0,3.0,3.0,3.0,,,3.0,4.0,2.0,,,4.0,,,0.0,0.0,0.0,0.0,特になし,特になし,特になし
m87770598475,64.0,1.0,0.0,3.0,1,1.0,0.0,1.0,1.0,6.0,,,4.0,8.0,,,7.0,,,3.0,,,2.0,6.0,,,3.0,2.0,2.0,6.0,,,3.0,2.0,2.0,,,3.0,,,0.0,0.0,0.0,0.0,今のところ、有りません,今まで以上に自動化が進んでいくと思います。,単価を上げて欲しい。
m89385613420,54.0,1.0,1.0,2.0,2,0.0,0.0,2.0,2.0,2.0,,,1.0,1.0,,,1.0,,,6.0,,,3.0,1.0,,,4.0,2.0,4.0,3.0,,,2.0,2.0,4.0,,,1.0,,,0.0,0.0,0.0,1.0,なし,なし,なし
m8774049128,46.0,1.0,1.0,2.0,7,0.0,0.0,2.0,7.0,6.0,,,1.0,8.0,,,7.0,,,8.0,,,3.0,6.0,,,3.0,6.0,3.0,2.0,,,3.0,2.0,6.0,,,3.0,,,0.0,0.0,0.0,0.0,特にない,特にない,特にない
m8775117560,47.0,0.0,1.0,1.0,7,1.0,1.0,2.0,7.0,6.0,,,1.0,8.0,,,2.0,,,1.0,,,2.0,2.0,3.0,,3.0,3.0,6.0,6.0,,,3.0,2.0,3.0,,,1.0,2.0,,0.0,0.0,0.0,0.0,特にない,継承者に若者がいない。技能力がいる割には低賃金,継承していきやすい、衰退していかないように、評価をあげてほしい
m89788215024,63.0,1.0,1.0,1.0,2,1.0,1.0,1.0,7.0,6.0,,,1.0,3.0,6.0,,1.0,2.0,4.0,4.0,5.0,6.0,1.0,2.0,3.0,4.0,1.0,3.0,3.0,5.0,,,3.0,2.0,2.0,3.0,4.0,1.0,2.0,4.0,0.0,0.0,0.0,0.0,特にありません。,若手育成に、支援金をする。,人材育成が急務となっており、自身が失敗して回り道をした事等を、口頭で伝えても、 余り響かない。キツい言動になると『パワハラ』となりそうで、教え方も難しい。
m8775257257,63.0,1.0,1.0,2.0,11,0.0,1.0,1.0,7.0,3.0,,,4.0,2.0,3.0,4.0,1.0,2.0,4.0,4.0,6.0,7.0,2.0,3.0,4.0,6.0,2.0,3.0,3.0,1.0,,,3.0,2.0,1.0,2.0,3.0,1.0,2.0,3.0,1.0,0.0,0.0,0.0,なし,なし,なし
m8932266906,41.0,1.0,0.0,2.0,8,0.0,0.0,1.0,7.0,1.0,,,3.0,1.0,,,5.0,,,4.0,,,2.0,2.0,,,3.0,3.0,3.0,4.0,,,1.0,3.0,2.0,,,4.0,,,0.0,0.0,0.0,0.0,特になし,特になし,特になし
m87766802872,43.0,1.0,1.0,2.0,10,1.0,1.0,2.0,1.0,4.0,,,1.0,1.0,,,3.0,,,3.0,,,3.0,4.0,,,4.0,3.0,3.0,2.0,,,1.0,3.0,5.0,,,5.0,,,0.0,1.0,0.0,0.0,特にない,特にない,特にない
m8998956573,55.0,1.0,1.0,2.0,14,1.0,1.0,1.0,7.0,5.0,,,1.0,3.0,,,2.0,5.0,,2.0,4.0,,3.0,2.0,3.0,4.0,2.0,3.0,4.0,5.0,,,2.0,3.0,1.0,4.0,,4.0,,,0.0,0.0,1.0,1.0,未定,良いところを残す,見る目を養う
m89784970601,49.0,1.0,0.0,2.0,6,0.0,0.0,2.0,7.0,6.0,,,4.0,8.0,,,1.0,2.0,5.0,3.0,5.0,6.0,1.0,2.0,4.0,5.0,1.0,1.0,2.0,1.0,,,3.0,2.0,1.0,2.0,5.0,2.0,,,0.0,0.0,0.0,0.0,特になし,特になし,特になし
m87773340944,62.0,1.0,1.0,1.0,8,1.0,1.0,2.0,7.0,6.0,,,4.0,7.0,8.0,,1.0,2.0,5.0,4.0,6.0,,2.0,2.0,3.0,4.0,2.0,3.0,2.0,1.0,2.0,,3.0,3.0,1.0,2.0,5.0,2.0,,,0.0,0.0,0.0,0.0,なし,無くなる,良いものを持ってほしい
m8772963582,47.0,1.0,1.0,2.0,10,1.0,1.0,1.0,7.0,1.0,,,1.0,8.0,,,1.0,,,6.0,,,2.0,2.0,3.0,,2.0,3.0,3.0,6.0,,,3.0,2.0,2.0,3.0,,1.0,3.0,5.0,0.0,0.0,0.0,0.0,特に検討していない,機械化され、人が不要になる,特にありません
m87765532386,37.0,0.0,1.0,1.0,8,1.0,1.0,1.0,1.0,6.0,,,1.0,3.0,,,1.0,5.0,,3.0,6.0,,2.0,2.0,3.0,4.0,2.0,2.0,2.0,5.0,,,6.0,2.0,2.0,,,2.0,,,0.0,0.0,0.0,0.0,わかりません,今後は人材不足が課題になっていくので、機械に頼りながら伝統工芸なども残していくべきだと思う,特になし
m8776493654,50.0,1.0,1.0,1.0,6,0.0,1.0,1.0,1.0,1.0,,,1.0,5.0,,,2.0,,,4.0,,,2.0,1.0,,,2.0,3.0,3.0,2.0,,,3.0,2.0,2.0,,,2.0,,,0.0,0.0,0.0,0.0,特にないです。,時代に合わせていく,良いものを使ってほしい
m8970918342,58.0,1.0,1.0,2.0,10,1.0,1.0,2.0,7.0,5.0,,,1.0,7.0,,,5.0,,,6.0,,,5.0,4.0,,,5.0,6.0,6.0,1.0,,,3.0,4.0,7.0,,,3.0,,,0.0,0.0,0.0,0.0,なし,なし,なし
m87773825117,45.0,1.0,1.0,2.0,5,1.0,1.0,2.0,1.0,3.0,,,2.0,3.0,,,1.0,,,6.0,,,3.0,6.0,,,4.0,3.0,3.0,3.0,,,1.0,3.0,3.0,,,5.0,,,1.0,0.0,0.0,0.0,とても自分にあっているから,とても自分にあっているから,とても自分にあっているから
m8771031012,50.0,1.0,1.0,2.0,3,0.0,1.0,1.0,1.0,1.0,,,4.0,1.0,,,1.0,,,3.0,,,3.0,4.0,,,3.0,3.0,3.0,6.0,,,6.0,3.0,2.0,,,2.0,,,0.0,0.0,0.0,0.0,ない,ない,ない
m87773017031,58.0,1.0,1.0,2.0,5,1.0,0.0,2.0,7.0,4.0,,,4.0,1.0,,,1.0,2.0,,4.0,,,2.0,2.0,,,2.0,2.0,2.0,5.0,,,3.0,2.0,2.0,,,4.0,,,0.0,0.0,0.0,0.0,特になし,ＡＩが様々な分野で活躍する,本物の大切さ
m8775839138,53.0,1.0,0.0,2.0,3,0.0,0.0,1.0,1.0,1.0,,,2.0,6.0,,,5.0,,,2.0,7.0,,3.0,3.0,,,3.0,3.0,3.0,3.0,4.0,,1.0,3.0,3.0,,,4.0,,,0.0,0.0,1.0,0.0,とくにわありません,とくにわありません,とくにわありません
m89977632811,56.0,1.0,0.0,2.0,8,1.0,0.0,1.0,7.0,4.0,,,2.0,5.0,7.0,,1.0,2.0,3.0,4.0,5.0,6.0,2.0,2.0,3.0,4.0,1.0,3.0,2.0,1.0,4.0,,3.0,2.0,4.0,,,2.0,3.0,4.0,0.0,1.0,0.0,0.0,全てはオーナー決済なので予測不能,発祥の経緯の包括的な理解,類似同業他社製品との品質の違い
m8786803141,67.0,1.0,1.0,1.0,7,1.0,1.0,2.0,7.0,6.0,,,1.0,8.0,,,2.0,4.0,5.0,4.0,6.0,,2.0,2.0,3.0,,2.0,3.0,3.0,4.0,,,3.0,1.0,4.0,5.0,,2.0,4.0,,0.0,0.0,0.0,0.0,特になし,魅力ある職場づくりが不可欠,特になし
m87789637408,60.0,1.0,0.0,1.0,2,1.0,1.0,1.0,7.0,1.0,,,1.0,8.0,,,2.0,5.0,,4.0,6.0,,3.0,2.0,3.0,4.0,2.0,3.0,3.0,4.0,,,1.0,3.0,2.0,,,2.0,,,0.0,0.0,0.0,0.0,わからない,わからない,わからない
m87776094244,71.0,1.0,1.0,1.0,9,1.0,1.0,1.0,1.0,5.0,,,4.0,2.0,,,3.0,,,5.0,,,4.0,2.0,3.0,,2.0,2.0,3.0,1.0,4.0,,4.0,2.0,3.0,4.0,,5.0,,,0.0,1.0,0.0,0.0,特には無し,未来は明るくない,特にない
m87785316603,52.0,0.0,0.0,1.0,7,1.0,0.0,1.0,7.0,1.0,,,2.0,8.0,,,1.0,,,4.0,,,3.0,2.0,3.0,,2.0,3.0,2.0,6.0,,,3.0,2.0,3.0,6.0,7.0,2.0,3.0,4.0,0.0,0.0,0.0,0.0,わからない,若い人達に興味を持ってもらえたらいいと思う,人も機械も老朽化してるからと言って品質に影響があるわけではないけど、大量生産は難しい。そこは理解してほしい
m8776121090,63.0,1.0,0.0,1.0,6,0.0,0.0,2.0,7.0,6.0,,,1.0,8.0,,,7.0,,,4.0,,,4.0,6.0,,,3.0,3.0,2.0,3.0,4.0,,3.0,3.0,2.0,,,2.0,,,0.0,0.0,0.0,0.0,わからないから,携わってない,わからないから
m8932115232,30.0,0.0,1.0,2.0,11,1.0,1.0,1.0,1.0,5.0,,,1.0,3.0,6.0,,1.0,,,5.0,6.0,,2.0,2.0,5.0,,2.0,3.0,2.0,2.0,5.0,,2.0,2.0,1.0,2.0,5.0,2.0,3.0,,0.0,0.0,0.0,1.0,特にない,なんとなく,なんとなく
m87783090298,50.0,1.0,0.0,2.0,6,0.0,0.0,1.0,1.0,1.0,,,4.0,1.0,2.0,3.0,1.0,2.0,5.0,5.0,6.0,7.0,1.0,2.0,4.0,6.0,2.0,1.0,2.0,1.0,,,5.0,2.0,2.0,3.0,,1.0,2.0,,0.0,0.0,0.0,0.0,特にない,この先は難しい,特にない
m87773834023,30.0,1.0,1.0,2.0,6,1.0,1.0,1.0,1.0,1.0,,,2.0,7.0,,,4.0,,,2.0,,,2.0,5.0,,,3.0,3.0,3.0,4.0,,,1.0,2.0,5.0,,,2.0,,,0.0,0.0,1.0,0.0,特に無し,特に無し,特に無し
m8776225750,43.0,0.0,1.0,1.0,7,1.0,1.0,2.0,3.0,4.0,,,1.0,1.0,,,2.0,,,3.0,,,3.0,1.0,4.0,7.0,3.0,6.0,6.0,1.0,,,3.0,3.0,2.0,3.0,,4.0,,,0.0,0.0,0.0,0.0,特になし,特になし,特に
m8785108180,57.0,1.0,1.0,2.0,8,1.0,1.0,1.0,6.0,1.0,,,3.0,8.0,,,1.0,2.0,,4.0,,,2.0,4.0,,,2.0,3.0,2.0,2.0,5.0,,1.0,2.0,2.0,4.0,5.0,2.0,3.0,4.0,0.0,0.0,0.0,0.0,ない,衰退していくと思う,わからない
m88678848906,56.0,1.0,1.0,2.0,9,1.0,1.0,1.0,7.0,6.0,,,3.0,3.0,,,2.0,,,4.0,,,2.0,3.0,,,2.0,6.0,3.0,4.0,,,3.0,3.0,2.0,,,4.0,,,0.0,0.0,0.0,0.0,不明,衰退していくのでは,個性の重要性
m877724790,50.0,1.0,1.0,2.0,7,1.0,1.0,1.0,7.0,3.0,,,4.0,8.0,,,3.0,,,2.0,3.0,5.0,2.0,3.0,4.0,,2.0,3.0,3.0,3.0,4.0,5.0,1.0,2.0,1.0,2.0,5.0,3.0,4.0,,1.0,1.0,1.0,0.0,今のところありません,継承すべきだが人材確保のほうが大事,人材の育成・確保が大切なので興味のある人はチャレンジしてほしい
m87787537819,53.0,1.0,1.0,1.0,6,1.0,1.0,2.0,7.0,4.0,,,4.0,7.0,,,2.0,,,3.0,4.0,,3.0,3.0,,,3.0,3.0,3.0,2.0,,,3.0,3.0,5.0,,,3.0,,,0.0,0.0,0.0,0.0,なし,なし,なし
m8772099780,44.0,1.0,1.0,2.0,9,0.0,1.0,1.0,7.0,4.0,,,1.0,8.0,,,2.0,,,1.0,,,5.0,5.0,,,3.0,2.0,3.0,5.0,,,5.0,4.0,5.0,,,5.0,,,0.0,0.0,0.0,0.0,なし,なし,なし
m87784674960,61.0,1.0,1.0,1.0,5,1.0,1.0,2.0,1.0,6.0,,,1.0,1.0,,,5.0,,,2.0,,,1.0,4.0,,,3.0,6.0,3.0,4.0,,,2.0,1.0,1.0,,,3.0,,,0.0,0.0,1.0,1.0,特にない,特にない,特にない
m87484095298,31.0,1.0,1.0,2.0,1,1.0,1.0,1.0,7.0,6.0,,,2.0,4.0,,,1.0,,,6.0,,,3.0,2.0,,,2.0,3.0,3.0,5.0,,,3.0,2.0,2.0,4.0,5.0,4.0,,,0.0,0.0,0.0,0.0,なし,少子化により、効率化が求められる,なし
m89777183243,57.0,1.0,1.0,2.0,11,1.0,1.0,1.0,7.0,6.0,,,2.0,4.0,8.0,,2.0,5.0,7.0,4.0,5.0,6.0,1.0,3.0,4.0,5.0,1.0,1.0,2.0,1.0,3.0,,3.0,2.0,2.0,3.0,6.0,1.0,3.0,4.0,0.0,0.0,0.0,0.0,自動化,今後とも日本にとって重要,ものづくりの重要性をアピールしていくべき。
m87763159674,30.0,1.0,0.0,2.0,6,0.0,0.0,2.0,7.0,6.0,,,1.0,3.0,,,3.0,,,3.0,4.0,,2.0,2.0,4.0,5.0,2.0,2.0,3.0,6.0,,,3.0,2.0,3.0,,,2.0,,,0.0,1.0,0.0,0.0,なし,人材確保が重要,なし
m87781393486,55.0,1.0,0.0,2.0,4,1.0,1.0,1.0,7.0,4.0,,,1.0,8.0,,,1.0,,,3.0,,,3.0,4.0,,,4.0,4.0,4.0,5.0,,,1.0,4.0,6.0,,,3.0,,,0.0,0.0,0.0,0.0,なし,なし,なし
m87774036134,62.0,1.0,1.0,2.0,12,1.0,1.0,1.0,1.0,1.0,,,2.0,1.0,,,1.0,,,6.0,,,1.0,4.0,,,1.0,1.0,2.0,4.0,,,2.0,2.0,1.0,,,1.0,,,0.0,0.0,0.0,1.0,人工知能,継承者不足,伝統技術の継承に協力してほしい。
m89384162495,21.0,1.0,0.0,2.0,3,0.0,0.0,1.0,1.0,1.0,,,1.0,5.0,6.0,7.0,1.0,6.0,,2.0,7.0,,2.0,2.0,5.0,7.0,2.0,3.0,2.0,5.0,,,5.0,2.0,2.0,,,2.0,,,0.0,0.0,1.0,0.0,0,あ,あ
m89761933096,57.0,1.0,0.0,2.0,6,1.0,0.0,2.0,7.0,1.0,,,4.0,4.0,,,1.0,,,4.0,,,1.0,2.0,3.0,6.0,1.0,3.0,4.0,5.0,,,3.0,1.0,2.0,3.0,,2.0,,,0.0,0.0,0.0,0.0,ない,減る,伝統
m87774040674,49.0,1.0,1.0,1.0,4,0.0,0.0,1.0,7.0,2.0,,,3.0,8.0,,,1.0,2.0,5.0,4.0,,,3.0,3.0,,,3.0,3.0,3.0,6.0,,,6.0,5.0,2.0,3.0,,4.0,,,0.0,0.0,0.0,0.0,わからない,わからない,わからない
m87773830304,50.0,1.0,1.0,2.0,10,0.0,1.0,1.0,7.0,3.0,,,4.0,3.0,,,2.0,5.0,,4.0,6.0,7.0,2.0,5.0,6.0,7.0,2.0,2.0,2.0,1.0,4.0,5.0,3.0,1.0,1.0,3.0,6.0,2.0,3.0,,1.0,0.0,0.0,0.0,特にない,特にない,特にない
m87773747922,56.0,1.0,1.0,2.0,12,1.0,1.0,1.0,7.0,3.0,,,4.0,2.0,3.0,5.0,1.0,5.0,6.0,3.0,4.0,6.0,2.0,2.0,3.0,4.0,3.0,3.0,3.0,1.0,,,3.0,3.0,1.0,2.0,3.0,4.0,,,1.0,0.0,0.0,0.0,わからない,変わらない,特に無し
m87787386765,30.0,1.0,0.0,2.0,6,0.0,0.0,1.0,7.0,3.0,,,3.0,2.0,,,1.0,,,5.0,,,4.0,3.0,,,4.0,4.0,3.0,3.0,,,5.0,3.0,5.0,,,5.0,,,1.0,0.0,0.0,0.0,なし,なし,なし
m8772718641,42.0,1.0,1.0,2.0,8,0.0,1.0,2.0,7.0,2.0,,,2.0,1.0,,,2.0,,,4.0,,,3.0,3.0,,,3.0,3.0,3.0,6.0,,,3.0,3.0,2.0,,,4.0,,,0.0,0.0,0.0,0.0,特になし,わからない,特になし
m87773955301,70.0,1.0,1.0,1.0,11,1.0,1.0,1.0,1.0,4.0,5.0,,3.0,1.0,5.0,6.0,1.0,5.0,6.0,4.0,5.0,6.0,2.0,2.0,3.0,4.0,2.0,2.0,4.0,1.0,2.0,3.0,1.0,2.0,2.0,4.0,5.0,1.0,2.0,3.0,0.0,0.0,0.0,0.0,3DプリンターやCADの使用促進を目指しての人材教育を推し進めることが　より創造性アップにつながる近道であると考えております,多様性の時代により　個人の嗜好が幅ひろく　方向がつかみにくい　付加価値とまではいきませんが　それぞれの好みに合った　独自の製品を開拓していくことが重要だと思います,人口の減少にもよりますが　職人希望の人材が激減してきている今　国を挙げて　伝統芸術　技術の継承を訴えていく必要性が大いにある　と　思っております
m8938237964,61.0,1.0,1.0,1.0,5,1.0,1.0,2.0,7.0,6.0,,,1.0,8.0,,,1.0,2.0,6.0,4.0,5.0,7.0,2.0,2.0,3.0,4.0,2.0,6.0,3.0,1.0,,,3.0,3.0,2.0,3.0,,3.0,4.0,,0.0,0.0,0.0,0.0,分からない,分からない,分からない
m8772103511,48.0,1.0,1.0,2.0,7,1.0,1.0,1.0,3.0,4.0,,,1.0,1.0,,,2.0,4.0,6.0,1.0,3.0,5.0,2.0,1.0,3.0,4.0,2.0,3.0,3.0,1.0,3.0,,5.0,2.0,2.0,4.0,,2.0,,,0.0,0.0,0.0,0.0,特になし,国が保護してでも残すべき,手作りの素晴らしさを理解してほしい
m899332231,59.0,1.0,1.0,2.0,6,1.0,1.0,1.0,7.0,1.0,,,4.0,1.0,,,1.0,2.0,5.0,4.0,,,2.0,2.0,,,2.0,3.0,3.0,6.0,,,3.0,2.0,2.0,3.0,4.0,2.0,3.0,,0.0,0.0,0.0,0.0,分からない,継承者に伝えきれず、衰退していく,製品に価値を見出してほしい
m87761641796,50.0,1.0,1.0,2.0,6,1.0,1.0,1.0,7.0,1.0,,,3.0,8.0,,,1.0,,,4.0,5.0,,2.0,2.0,3.0,,3.0,3.0,2.0,1.0,4.0,,3.0,2.0,2.0,3.0,,1.0,2.0,,0.0,0.0,0.0,0.0,現状としてはない,効率化が求められる,職人の給料が減っているのは知ってもらいたい
m8771939932,52.0,1.0,1.0,2.0,8,1.0,1.0,1.0,7.0,2.0,,,4.0,1.0,3.0,5.0,1.0,2.0,5.0,4.0,,,1.0,2.0,3.0,4.0,1.0,2.0,2.0,4.0,,,3.0,2.0,1.0,2.0,3.0,2.0,3.0,4.0,0.0,0.0,0.0,0.0,特に思いつかない,未来に残していかなければならない,特に思いつかない
m8771568430,55.0,1.0,1.0,2.0,8,1.0,1.0,1.0,7.0,1.0,,,4.0,5.0,,,2.0,,,4.0,,,3.0,4.0,,,3.0,3.0,3.0,6.0,,,3.0,3.0,1.0,3.0,,3.0,,,0.0,0.0,0.0,0.0,特になし,特になし,特になし
m8776121973,30.0,1.0,0.0,2.0,1,0.0,0.0,2.0,6.0,5.0,,,2.0,1.0,,,6.0,,,2.0,,,5.0,3.0,,,5.0,6.0,6.0,4.0,,,4.0,4.0,7.0,,,4.0,,,0.0,0.0,1.0,0.0,ない,ない,ない
m87774039698,53.0,1.0,0.0,2.0,4,1.0,0.0,1.0,7.0,1.0,,,4.0,1.0,,,5.0,,,6.0,,,5.0,1.0,,,5.0,5.0,4.0,6.0,,,1.0,4.0,3.0,,,2.0,,,0.0,0.0,0.0,0.0,特にない,見通しは暗い,特にない
m8770822342,49.0,1.0,0.0,2.0,5,0.0,0.0,2.0,7.0,4.0,,,4.0,8.0,,,5.0,,,5.0,,,3.0,6.0,,,3.0,3.0,3.0,1.0,,,1.0,3.0,3.0,,,2.0,,,0.0,0.0,0.0,0.0,ない,ない,ない
m8776779419,60.0,1.0,1.0,2.0,2,1.0,1.0,1.0,7.0,6.0,,,4.0,8.0,,,1.0,,,4.0,,,2.0,2.0,3.0,4.0,3.0,3.0,3.0,4.0,,,3.0,1.0,2.0,3.0,6.0,2.0,4.0,,0.0,0.0,0.0,0.0,なし,わからない,良いものを見極めて
m89384988386,45.0,1.0,1.0,2.0,3,1.0,0.0,1.0,1.0,1.0,,,3.0,3.0,,,1.0,2.0,5.0,3.0,4.0,6.0,4.0,5.0,6.0,,2.0,3.0,3.0,1.0,,,2.0,1.0,1.0,4.0,5.0,2.0,3.0,,0.0,0.0,0.0,1.0,わからない,わからない,特になし
m87784762644,59.0,1.0,1.0,2.0,10,1.0,1.0,2.0,1.0,1.0,,,1.0,7.0,,,2.0,,,3.0,,,4.0,7.0,,,4.0,4.0,1.0,2.0,,,1.0,3.0,4.0,,,4.0,,,0.0,0.0,0.0,0.0,特になし,特になし,特になし
m8992764762,50.0,1.0,0.0,2.0,6,0.0,0.0,1.0,7.0,2.0,,,3.0,3.0,,,2.0,,,3.0,,,3.0,3.0,7.0,,2.0,6.0,3.0,6.0,,,1.0,4.0,6.0,,,4.0,,,0.0,0.0,0.0,0.0,特になし,特になし,特になし
m8776761878,44.0,0.0,1.0,2.0,7,1.0,1.0,2.0,1.0,3.0,,,3.0,2.0,6.0,,5.0,,,3.0,7.0,,3.0,1.0,3.0,,3.0,3.0,2.0,3.0,,,4.0,3.0,2.0,6.0,,4.0,,,1.0,0.0,0.0,0.0,ただいま検討中,日本の伝統文化をもっと世界に広めていきたい,良いものは良いと思える商品作りをしていき、お客様に買っていただくように日々努力しています。
m87876094224,61.0,1.0,1.0,3.0,8,1.0,1.0,2.0,7.0,5.0,,,1.0,2.0,3.0,5.0,2.0,5.0,,6.0,,,2.0,1.0,3.0,4.0,2.0,6.0,3.0,2.0,4.0,,1.0,2.0,1.0,2.0,,4.0,,,0.0,0.0,0.0,0.0,不明,わからない,特になし
m87774039894,67.0,1.0,1.0,1.0,3,1.0,1.0,2.0,7.0,1.0,,,2.0,8.0,,,5.0,,,4.0,,,2.0,3.0,,,2.0,2.0,3.0,1.0,,,3.0,2.0,2.0,6.0,,2.0,3.0,,0.0,0.0,0.0,0.0,思い浮かばない,後継者の育成,商品への理解
m8771640970,26.0,0.0,0.0,2.0,5,1.0,0.0,1.0,3.0,1.0,2.0,,2.0,1.0,3.0,,4.0,,,7.0,,,3.0,2.0,,,2.0,2.0,2.0,2.0,,,2.0,2.0,2.0,,,5.0,,,0.0,0.0,0.0,1.0,あ,あ,あ
m87784753492,52.0,1.0,1.0,2.0,13,0.0,1.0,1.0,7.0,5.0,,,4.0,3.0,5.0,,1.0,2.0,,6.0,,,2.0,2.0,,,2.0,2.0,2.0,6.0,,,1.0,2.0,3.0,,,3.0,,,0.0,0.0,0.0,0.0,特にない,近年、注目されている,特にない
m8778612679,53.0,1.0,1.0,2.0,9,0.0,1.0,2.0,7.0,6.0,,,1.0,8.0,,,5.0,,,3.0,6.0,,2.0,2.0,4.0,,2.0,3.0,3.0,1.0,2.0,5.0,4.0,2.0,1.0,2.0,4.0,1.0,,,0.0,0.0,0.0,0.0,なし,なし,なし
m89775975461,57.0,1.0,1.0,3.0,12,1.0,1.0,1.0,7.0,5.0,,,4.0,3.0,5.0,6.0,1.0,2.0,4.0,4.0,5.0,7.0,1.0,2.0,3.0,6.0,1.0,3.0,3.0,1.0,4.0,,3.0,1.0,2.0,3.0,5.0,1.0,2.0,4.0,0.0,0.0,0.0,0.0,特化型生成AIによる過去データの活用 RPAによる事務処理の自動化、属人化抑制,ものづくりへの興味の薄れが懸念される状況にある 人材確保のためあらゆる技術を取り入れると同時に、手加工に楽しさを伝え、感じてもらえるように努力が必要と感じる,物に込められた思いをもっと知って頂きたい
m87777491214,66.0,1.0,1.0,1.0,7,1.0,1.0,2.0,7.0,4.0,,,4.0,6.0,,,3.0,4.0,,5.0,6.0,,2.0,3.0,6.0,,2.0,2.0,3.0,1.0,4.0,,5.0,2.0,1.0,,,4.0,,,0.0,1.0,0.0,0.0,わからない,技術の伝承が重要,特になし
m896401807,57.0,1.0,1.0,2.0,12,1.0,0.0,2.0,7.0,3.0,,,1.0,4.0,,,4.0,,,5.0,,,2.0,6.0,,,2.0,2.0,3.0,3.0,,,3.0,2.0,1.0,2.0,3.0,3.0,4.0,,1.0,0.0,0.0,0.0,未定,伝承しつつ新たな技術を取り入れる,製品選びの確かな目
m87786269247,54.0,1.0,0.0,2.0,4,0.0,0.0,1.0,1.0,2.0,,,4.0,1.0,,,2.0,,,4.0,,,1.0,3.0,4.0,,3.0,2.0,4.0,4.0,,,1.0,1.0,2.0,3.0,4.0,2.0,,,0.0,0.0,0.0,0.0,特に無し,特に無し,特に無し
m8776771483,68.0,1.0,1.0,2.0,12,1.0,1.0,1.0,7.0,3.0,,,4.0,5.0,,,3.0,,,2.0,,,2.0,5.0,6.0,,2.0,2.0,2.0,4.0,,,2.0,3.0,4.0,,,1.0,,,1.0,1.0,1.0,1.0,特になし,特になし,特になし
m8775269937,53.0,0.0,0.0,2.0,7,0.0,0.0,2.0,7.0,6.0,,,4.0,8.0,,,2.0,3.0,5.0,5.0,,,2.0,3.0,4.0,7.0,2.0,3.0,2.0,6.0,,,3.0,2.0,3.0,5.0,6.0,2.0,3.0,4.0,0.0,1.0,0.0,0.0,わからない,とても大切で継承していかなければいけないもの,職人ではないのでわからない
m8932947880,54.0,1.0,1.0,2.0,12,1.0,1.0,1.0,7.0,5.0,,,4.0,4.0,,,1.0,2.0,,4.0,5.0,6.0,2.0,1.0,3.0,,2.0,2.0,2.0,2.0,5.0,,2.0,2.0,1.0,2.0,3.0,1.0,3.0,4.0,0.0,0.0,0.0,1.0,特になし,後継者不足,特になし
m87774602997,24.0,0.0,0.0,1.0,3,0.0,0.0,1.0,7.0,1.0,,,1.0,1.0,,,2.0,,,6.0,,,2.0,3.0,,,4.0,2.0,3.0,1.0,,,1.0,3.0,3.0,,,2.0,,,0.0,0.0,0.0,0.0,特にない,とか脱い,特にない
m8998713526,64.0,1.0,1.0,1.0,4,1.0,1.0,1.0,1.0,1.0,,,4.0,8.0,,,1.0,2.0,,4.0,,,3.0,3.0,,,3.0,2.0,3.0,1.0,2.0,,3.0,2.0,4.0,,,4.0,,,0.0,0.0,0.0,0.0,ない,ない,ない
m89762601265,48.0,1.0,1.0,2.0,3,1.0,0.0,2.0,6.0,4.0,,,1.0,5.0,,,5.0,,,2.0,,,4.0,4.0,,,3.0,3.0,4.0,4.0,,,5.0,3.0,7.0,,,2.0,,,0.0,0.0,1.0,0.0,特になし,発信の強化,適正価格
m89885459859,49.0,1.0,1.0,2.0,8,1.0,1.0,1.0,1.0,1.0,,,3.0,8.0,,,7.0,,,7.0,,,3.0,3.0,,,4.0,3.0,3.0,1.0,,,2.0,4.0,5.0,,,2.0,,,0.0,0.0,0.0,1.0,なさ,なし,なし
m8771903966,51.0,1.0,1.0,2.0,10,1.0,1.0,1.0,7.0,6.0,,,3.0,8.0,,,1.0,,,4.0,,,2.0,2.0,4.0,7.0,2.0,6.0,6.0,6.0,,,3.0,3.0,3.0,,,2.0,,,0.0,0.0,0.0,0.0,特になし,特になし,特になし
m8932934158,50.0,1.0,0.0,2.0,10,1.0,0.0,1.0,7.0,1.0,,,4.0,8.0,,,1.0,,,4.0,,,3.0,2.0,,,3.0,6.0,6.0,6.0,,,3.0,3.0,2.0,3.0,,1.0,,,0.0,0.0,0.0,0.0,特になし,現状維持,あまり壊さないで
m8998241232,54.0,0.0,1.0,2.0,6,1.0,0.0,2.0,7.0,5.0,,,1.0,3.0,5.0,,1.0,,,3.0,7.0,,3.0,1.0,7.0,,2.0,3.0,3.0,1.0,,,3.0,3.0,1.0,2.0,,1.0,3.0,,0.0,0.0,0.0,0.0,導入予定はない,若手育成や事業承継などの課題が多い,いいものをじっくり見て欲しいと思う
m89777005897,66.0,1.0,1.0,1.0,6,1.0,1.0,2.0,7.0,6.0,,,1.0,8.0,,,7.0,,,8.0,,,1.0,3.0,,,1.0,2.0,2.0,6.0,,,6.0,1.0,7.0,,,4.0,,,0.0,0.0,0.0,0.0,なし,なし,なし
m87773913324,61.0,1.0,1.0,2.0,7,1.0,1.0,2.0,7.0,4.0,,,4.0,8.0,,,7.0,,,8.0,,,3.0,2.0,,,3.0,6.0,3.0,2.0,,,3.0,3.0,4.0,,,4.0,,,0.0,0.0,0.0,0.0,特にありません。,特にありません。,特にありません。
m87774046410,53.0,1.0,0.0,2.0,9,1.0,0.0,1.0,1.0,1.0,,,4.0,7.0,,,4.0,,,4.0,,,3.0,6.0,,,2.0,3.0,3.0,4.0,,,5.0,3.0,3.0,,,1.0,,,0.0,0.0,0.0,0.0,とくにんあし,特にん足,特になし
m877267729,72.0,1.0,1.0,1.0,8,1.0,1.0,1.0,1.0,6.0,,,2.0,8.0,,,1.0,5.0,,4.0,,,1.0,1.0,3.0,4.0,1.0,1.0,2.0,6.0,,,1.0,2.0,2.0,4.0,,1.0,2.0,3.0,0.0,0.0,0.0,0.0,特になし,伝統工芸の継承は続ける方がいいと思う。日本文化の良さ、その中から進歩する現在に調和するあたらしいものを取り入れていくことも大事かなと思う。,伝統工芸の良さ、素晴らしさを感じてもらえれば、いいと思います。
m87776262770,45.0,1.0,0.0,2.0,6,0.0,0.0,1.0,1.0,3.0,,,3.0,3.0,,,3.0,,,2.0,6.0,7.0,2.0,1.0,6.0,7.0,2.0,2.0,2.0,2.0,,,1.0,2.0,3.0,,,3.0,,,1.0,1.0,1.0,0.0,最新の技術,最新の技術とテクノロジーを取り入れたい,安ければいいってもんじゃないです
m88379284234,33.0,1.0,0.0,2.0,10,1.0,0.0,2.0,7.0,1.0,,,2.0,1.0,,,2.0,,,4.0,,,3.0,1.0,2.0,3.0,1.0,2.0,3.0,5.0,,,3.0,2.0,3.0,,,1.0,,,0.0,0.0,0.0,0.0,ない,わからない,ない
m89789671677,41.0,0.0,1.0,2.0,7,1.0,1.0,1.0,1.0,1.0,5.0,,4.0,5.0,,,1.0,,,4.0,6.0,,2.0,3.0,4.0,,2.0,2.0,3.0,1.0,2.0,,5.0,3.0,1.0,4.0,,2.0,3.0,,0.0,0.0,0.0,0.0,わからない,わからない,とくになし
m89782563291,45.0,0.0,1.0,1.0,2,0.0,0.0,1.0,3.0,1.0,,,1.0,3.0,,,1.0,5.0,,5.0,,,1.0,2.0,3.0,4.0,1.0,1.0,4.0,2.0,,,5.0,2.0,2.0,7.0,,1.0,2.0,3.0,0.0,0.0,0.0,0.0,分からない,伝統も継承しつつ新たなテクノロジーとの融合が必要,大切に使って欲しい
m8930007187,48.0,0.0,0.0,2.0,4,1.0,0.0,2.0,7.0,3.0,,,2.0,8.0,,,3.0,,,2.0,,,3.0,7.0,,,3.0,6.0,3.0,3.0,,,2.0,3.0,4.0,,,4.0,,,1.0,1.0,1.0,1.0,なし,繋げていくことが大事,何でもハラスメントで困る
m87773826276,55.0,0.0,1.0,1.0,7,1.0,1.0,2.0,1.0,6.0,,,2.0,8.0,,,7.0,,,4.0,,,2.0,2.0,3.0,4.0,2.0,6.0,6.0,6.0,,,6.0,2.0,2.0,3.0,,1.0,2.0,4.0,0.0,0.0,0.0,0.0,検討していない,後継者不足が問題だと思う,わからない
m89383817665,44.0,1.0,0.0,2.0,3,0.0,0.0,1.0,7.0,1.0,,,3.0,8.0,,,5.0,,,2.0,,,3.0,3.0,,,3.0,3.0,3.0,3.0,,,4.0,3.0,4.0,,,2.0,,,0.0,0.0,1.0,0.0,特にありません,特にありません,特にありません
m8775616961,48.0,0.0,0.0,2.0,10,0.0,0.0,2.0,1.0,5.0,,,1.0,3.0,,,5.0,,,6.0,,,4.0,2.0,3.0,4.0,3.0,2.0,5.0,2.0,,,3.0,2.0,2.0,3.0,4.0,3.0,,,0.0,0.0,0.0,0.0,なし,AIに頼ることを受け入れる柔軟さが必要,たまには昔の商品と見比べてみてほしい
m87763890556,53.0,1.0,1.0,3.0,5,1.0,1.0,1.0,1.0,4.0,,,4.0,6.0,8.0,,1.0,2.0,,4.0,,,4.0,3.0,6.0,,2.0,3.0,3.0,1.0,,,1.0,3.0,2.0,,,2.0,,,0.0,0.0,0.0,0.0,特にない,特にない,特にない
m89783309489,45.0,1.0,0.0,2.0,11,1.0,0.0,1.0,1.0,1.0,,,4.0,7.0,,,5.0,,,4.0,,,4.0,4.0,,,3.0,3.0,3.0,4.0,,,5.0,3.0,4.0,,,1.0,,,0.0,0.0,0.0,0.0,なし,なし,なし
m8776664822,60.0,1.0,1.0,2.0,4,1.0,1.0,2.0,1.0,6.0,,,4.0,7.0,,,3.0,,,1.0,,,3.0,2.0,,,4.0,3.0,3.0,1.0,,,2.0,3.0,4.0,,,4.0,,,0.0,1.0,0.0,1.0,なし,なし,なし
m89777969340,53.0,1.0,1.0,2.0,8,1.0,1.0,1.0,7.0,3.0,,,4.0,8.0,,,3.0,,,5.0,,,2.0,2.0,,,3.0,3.0,3.0,5.0,,,3.0,3.0,4.0,,,3.0,,,1.0,1.0,0.0,0.0,無し,無し,無し
m8932852582,35.0,0.0,0.0,3.0,2,0.0,0.0,1.0,7.0,6.0,,,1.0,8.0,,,7.0,,,2.0,,,3.0,3.0,,,3.0,6.0,6.0,2.0,,,2.0,2.0,5.0,,,6.0,,,0.0,0.0,1.0,1.0,特にない,衰退する一方だと思う,お値段は適正で吹っ掛けていません。
m87783126402,41.0,0.0,1.0,1.0,3,0.0,0.0,1.0,7.0,1.0,,,2.0,5.0,,,2.0,,,4.0,7.0,,3.0,2.0,,,2.0,3.0,3.0,2.0,,,4.0,2.0,4.0,,,5.0,,,0.0,0.0,0.0,0.0,なし,わからない,ない
m8985449544,43.0,1.0,1.0,2.0,7,1.0,1.0,1.0,7.0,1.0,,,2.0,8.0,,,1.0,2.0,,4.0,,,2.0,2.0,3.0,7.0,2.0,3.0,3.0,6.0,,,3.0,3.0,3.0,,,2.0,,,0.0,0.0,0.0,0.0,特になし,我々は伝統工芸ではないが、そういう文化を大事にしていってほしい,特になし
m899175576,41.0,1.0,1.0,2.0,15,1.0,1.0,1.0,1.0,1.0,,,1.0,1.0,,,4.0,,,6.0,,,2.0,3.0,,,2.0,1.0,1.0,3.0,,,1.0,1.0,1.0,,,4.0,,,0.0,0.0,0.0,0.0,とくになし,とくになし,とくになし
m8775480236,66.0,1.0,1.0,1.0,5,1.0,1.0,2.0,1.0,2.0,,,4.0,8.0,,,5.0,,,4.0,,,2.0,4.0,,,2.0,3.0,2.0,5.0,,,3.0,2.0,2.0,3.0,4.0,4.0,,,0.0,0.0,0.0,0.0,今のところ決まっていない,今後も伝統を伝えたい,後世に引き継ぎたい
m8774799307,63.0,1.0,1.0,1.0,8,1.0,1.0,2.0,7.0,6.0,,,4.0,8.0,,,2.0,,,4.0,,,2.0,2.0,4.0,,1.0,2.0,2.0,3.0,,,4.0,1.0,2.0,,,1.0,,,0.0,0.0,0.0,0.0,五里霧中状態,明るい未来を信じる,特になし
m87773924483,38.0,1.0,0.0,2.0,7,1.0,0.0,2.0,7.0,5.0,,,1.0,8.0,,,7.0,,,4.0,5.0,6.0,3.0,8.0,,,3.0,3.0,6.0,6.0,,,1.0,3.0,8.0,,,2.0,,,0.0,0.0,0.0,0.0,特に思いつかない,特に思いつかない,特に思いつかない
m8770109158,47.0,1.0,0.0,2.0,6,0.0,1.0,2.0,1.0,5.0,,,4.0,5.0,,,1.0,5.0,,6.0,,,3.0,2.0,,,2.0,3.0,3.0,6.0,,,3.0,3.0,2.0,,,1.0,,,0.0,0.0,0.0,0.0,なし,衰退,なし
m8985769010,41.0,1.0,1.0,2.0,15,1.0,1.0,1.0,1.0,1.0,,,1.0,1.0,,,6.0,,,2.0,,,1.0,2.0,,,1.0,1.0,1.0,3.0,,,1.0,1.0,1.0,,,5.0,,,0.0,0.0,1.0,0.0,とくになし,とくになし,とくになし
m87773914284,52.0,0.0,1.0,1.0,5,1.0,0.0,2.0,1.0,1.0,,,1.0,3.0,,,2.0,,,4.0,,,3.0,3.0,,,3.0,3.0,3.0,4.0,,,1.0,2.0,3.0,,,2.0,,,0.0,0.0,0.0,0.0,ない,思いつかない,ない
m87773921063,59.0,1.0,1.0,2.0,4,0.0,1.0,1.0,7.0,6.0,,,4.0,3.0,,,1.0,,,4.0,,,3.0,3.0,,,3.0,3.0,3.0,6.0,,,3.0,3.0,1.0,,,2.0,,,0.0,0.0,0.0,0.0,特になし,特になし,特になし
m89388269455,31.0,1.0,1.0,2.0,5,1.0,1.0,1.0,1.0,1.0,,,1.0,8.0,,,1.0,,,6.0,,,3.0,7.0,,,2.0,3.0,3.0,4.0,,,1.0,3.0,2.0,,,1.0,,,0.0,0.0,0.0,0.0,とくになし,とくになし,とくになし
m8868343703,55.0,1.0,0.0,1.0,2,1.0,0.0,1.0,7.0,1.0,,,1.0,1.0,,,1.0,,,5.0,,,1.0,2.0,,,1.0,1.0,2.0,6.0,,,3.0,3.0,2.0,,,2.0,,,0.0,0.0,0.0,0.0,なし,若者が興味を持つか心配,なし
m87785713116,52.0,0.0,1.0,2.0,4,1.0,1.0,1.0,5.0,5.0,,,1.0,1.0,,,2.0,,,7.0,,,1.0,4.0,,,1.0,1.0,1.0,4.0,,,3.0,3.0,1.0,,,3.0,,,0.0,0.0,0.0,0.0,わからない,維持,知って
m87780095650,62.0,1.0,1.0,1.0,10,1.0,1.0,1.0,7.0,1.0,,,1.0,8.0,,,1.0,,,6.0,,,2.0,4.0,,,1.0,1.0,1.0,1.0,,,3.0,3.0,2.0,,,4.0,,,0.0,0.0,0.0,0.0,自動,明るい,ない
m89783196708,56.0,1.0,1.0,2.0,9,1.0,1.0,1.0,1.0,2.0,,,4.0,6.0,,,1.0,2.0,,4.0,6.0,,2.0,2.0,3.0,,2.0,2.0,2.0,5.0,,,3.0,1.0,2.0,3.0,7.0,3.0,4.0,5.0,0.0,0.0,0.0,0.0,特に無し,特に無し,特に無し
m87778685281,60.0,1.0,1.0,3.0,6,1.0,1.0,1.0,7.0,2.0,,,4.0,1.0,,,1.0,5.0,,5.0,,,3.0,2.0,4.0,,4.0,3.0,6.0,6.0,,,1.0,3.0,2.0,,,1.0,,,0.0,0.0,0.0,0.0,なし,なし,なし
m87773948396,44.0,1.0,1.0,2.0,6,1.0,1.0,2.0,7.0,1.0,,,1.0,8.0,,,7.0,,,8.0,,,3.0,8.0,,,3.0,3.0,3.0,6.0,,,6.0,5.0,8.0,,,6.0,,,0.0,0.0,0.0,0.0,わからない,わからない,わからない
m8776056967,61.0,1.0,1.0,3.0,10,1.0,1.0,1.0,7.0,5.0,,,4.0,5.0,,,1.0,2.0,,4.0,6.0,,1.0,2.0,3.0,,1.0,6.0,3.0,6.0,,,3.0,2.0,2.0,3.0,4.0,2.0,,,0.0,0.0,0.0,0.0,特になし,何よりも後継者の確保が課題であり、外国人の活用も必要になる,お客様は神様と言われる時代は終わった
m8774744084,49.0,1.0,1.0,2.0,7,1.0,1.0,1.0,5.0,1.0,2.0,3.0,4.0,1.0,2.0,,2.0,3.0,6.0,3.0,6.0,7.0,2.0,1.0,3.0,5.0,2.0,2.0,2.0,1.0,3.0,,4.0,2.0,3.0,6.0,,1.0,3.0,5.0,1.0,1.0,0.0,0.0,材料カットのオートメーション化,職人の数が減り手作りならではの雰囲気が減っていく,もっと現場の雰囲気を体験して伝統文化に触れて欲しい
m87771519332,42.0,1.0,1.0,2.0,11,1.0,1.0,2.0,7.0,5.0,,,3.0,8.0,,,1.0,5.0,,4.0,5.0,6.0,2.0,2.0,3.0,4.0,2.0,2.0,2.0,1.0,,,1.0,1.0,2.0,3.0,4.0,2.0,3.0,4.0,0.0,0.0,0.0,0.0,特になし,国内での生産力は低下していく,職人ではない
m89789609413,24.0,1.0,0.0,2.0,5,0.0,0.0,1.0,1.0,1.0,,,2.0,3.0,,,6.0,,,1.0,,,5.0,1.0,,,4.0,4.0,4.0,2.0,,,5.0,3.0,4.0,,,2.0,,,0.0,0.0,0.0,0.0,あ,い,あ
m8775844609,59.0,1.0,1.0,2.0,13,1.0,1.0,1.0,7.0,1.0,,,4.0,3.0,5.0,7.0,2.0,5.0,,4.0,6.0,7.0,2.0,3.0,4.0,7.0,2.0,3.0,3.0,5.0,,,3.0,1.0,2.0,3.0,,2.0,3.0,4.0,0.0,0.0,0.0,0.0,特になし,国内のものづくりは厳しい,特になし
m89784624359,44.0,0.0,1.0,1.0,8,1.0,1.0,2.0,2.0,4.0,,,1.0,1.0,,,2.0,,,2.0,,,3.0,5.0,,,3.0,3.0,3.0,1.0,,,3.0,4.0,7.0,,,4.0,,,0.0,0.0,1.0,0.0,ない,ない,ない
m87771515956,62.0,1.0,1.0,2.0,7,1.0,1.0,2.0,7.0,6.0,,,4.0,3.0,6.0,,1.0,2.0,,4.0,6.0,,2.0,2.0,3.0,,3.0,6.0,3.0,6.0,,,1.0,2.0,3.0,7.0,,1.0,,,0.0,0.0,0.0,0.0,特になし,特になし,特になし
m87782388337,56.0,1.0,1.0,2.0,5,0.0,0.0,1.0,1.0,1.0,,,1.0,3.0,,,2.0,5.0,,3.0,6.0,,3.0,3.0,,,3.0,3.0,3.0,1.0,,,1.0,3.0,2.0,,,2.0,,,0.0,0.0,0.0,0.0,特になし,少子高齢化で未来は暗い ,特になし
m87782786004,32.0,1.0,1.0,2.0,11,0.0,0.0,2.0,7.0,3.0,,,1.0,6.0,,,6.0,,,7.0,,,2.0,7.0,,,4.0,3.0,3.0,3.0,,,5.0,3.0,2.0,,,2.0,,,1.0,0.0,0.0,0.0,なし,わからない,なし
m899855757,55.0,1.0,1.0,2.0,8,1.0,1.0,1.0,7.0,1.0,,,1.0,7.0,,,4.0,,,3.0,,,3.0,2.0,,,4.0,3.0,3.0,3.0,,,1.0,3.0,3.0,,,3.0,,,0.0,0.0,0.0,0.0,なし,なし,なし
m87773934739,61.0,1.0,1.0,1.0,10,0.0,1.0,1.0,7.0,6.0,,,4.0,5.0,6.0,8.0,5.0,,,4.0,5.0,6.0,1.0,2.0,4.0,,1.0,3.0,3.0,1.0,,,5.0,1.0,1.0,3.0,6.0,1.0,2.0,,0.0,0.0,0.0,0.0,高速プラズマ加工装置,情熱があれば大丈夫,砺波の伝統を新たな次世代技術に発展させていきます
m88578712276,41.0,1.0,1.0,2.0,15,1.0,1.0,1.0,1.0,1.0,,,1.0,1.0,,,6.0,,,4.0,,,1.0,2.0,,,1.0,1.0,1.0,2.0,,,3.0,1.0,1.0,,,4.0,,,0.0,0.0,0.0,0.0,とくになし,とくになし,とくになし
m8770106950,49.0,1.0,1.0,2.0,11,1.0,1.0,1.0,1.0,3.0,,,4.0,2.0,,,1.0,,,1.0,,,3.0,6.0,,,4.0,3.0,6.0,2.0,,,3.0,3.0,5.0,,,2.0,,,1.0,0.0,0.0,0.0,特になし,真っ暗,特になし
m8775552235,60.0,0.0,0.0,2.0,4,0.0,1.0,1.0,7.0,6.0,,,3.0,3.0,5.0,,1.0,2.0,5.0,3.0,4.0,6.0,1.0,3.0,4.0,,3.0,1.0,4.0,4.0,,,1.0,2.0,1.0,2.0,3.0,2.0,,,0.0,0.0,0.0,0.0,特になし,特になし,特になし
m89776327525,48.0,1.0,1.0,2.0,4,1.0,1.0,2.0,7.0,6.0,,,1.0,8.0,,,7.0,,,8.0,,,3.0,8.0,,,5.0,6.0,6.0,6.0,,,6.0,5.0,8.0,,,6.0,,,0.0,0.0,0.0,0.0,なし,なし,なし
m89783144772,61.0,1.0,1.0,2.0,10,1.0,1.0,1.0,1.0,5.0,,,1.0,3.0,5.0,7.0,1.0,2.0,4.0,4.0,5.0,6.0,2.0,3.0,6.0,,1.0,1.0,3.0,1.0,,,3.0,2.0,2.0,3.0,4.0,2.0,,,0.0,0.0,0.0,0.0,特にない,先行き不安,特にない
m87879033891,41.0,1.0,1.0,2.0,15,1.0,1.0,1.0,1.0,1.0,,,1.0,1.0,,,4.0,,,6.0,,,1.0,5.0,,,1.0,1.0,1.0,5.0,,,4.0,1.0,1.0,,,4.0,,,0.0,0.0,0.0,0.0,とくになし,とくになし,とくになし
m87773957801,65.0,1.0,0.0,1.0,3,0.0,0.0,1.0,1.0,1.0,,,1.0,5.0,,,5.0,,,3.0,4.0,,4.0,3.0,,,4.0,3.0,4.0,1.0,,,4.0,3.0,4.0,,,1.0,,,0.0,0.0,0.0,0.0,なし,なし,なし
m8855243543,55.0,1.0,1.0,2.0,6,0.0,1.0,1.0,7.0,3.0,,,3.0,2.0,,,1.0,,,7.0,,,4.0,6.0,,,4.0,4.0,3.0,3.0,,,5.0,2.0,4.0,,,4.0,,,1.0,0.0,0.0,0.0,特になし,特になし,特になし
m87773953899,63.0,1.0,1.0,1.0,6,1.0,1.0,1.0,1.0,3.0,6.0,,1.0,3.0,,,4.0,,,5.0,,,3.0,2.0,,,3.0,3.0,3.0,4.0,,,1.0,2.0,2.0,,,2.0,,,1.0,0.0,0.0,0.0,特にありません,漠然としたイメージがあるだけ,特にありません
m8864031495,36.0,0.0,1.0,2.0,10,1.0,1.0,1.0,7.0,3.0,,,2.0,3.0,,,2.0,3.0,5.0,2.0,4.0,6.0,2.0,2.0,3.0,4.0,1.0,2.0,3.0,1.0,,,3.0,2.0,2.0,3.0,4.0,2.0,3.0,5.0,1.0,1.0,1.0,0.0,ない,新規参入の懸念,ない
m89785481689,50.0,1.0,1.0,2.0,7,1.0,1.0,1.0,1.0,3.0,,,4.0,3.0,,,1.0,4.0,5.0,3.0,4.0,5.0,2.0,2.0,3.0,4.0,1.0,2.0,4.0,1.0,4.0,,3.0,2.0,1.0,2.0,4.0,2.0,3.0,4.0,1.0,0.0,0.0,0.0,AIの活用,技術の継承の必要性,品質の向上
m89778194593,57.0,1.0,1.0,3.0,3,1.0,1.0,1.0,1.0,2.0,,,4.0,1.0,,,1.0,,,4.0,,,3.0,4.0,,,3.0,4.0,4.0,3.0,,,1.0,3.0,2.0,,,1.0,,,0.0,0.0,0.0,0.0,特に無し,無し,無し
m8936797520,61.0,1.0,0.0,2.0,7,1.0,1.0,1.0,2.0,6.0,,,4.0,3.0,,,1.0,,,3.0,,,2.0,3.0,,,2.0,2.0,2.0,4.0,,,3.0,2.0,2.0,,,4.0,,,0.0,0.0,0.0,0.0,新規事業,守るべき,特になし
m87779977781,61.0,1.0,1.0,3.0,12,0.0,1.0,1.0,7.0,1.0,3.0,5.0,4.0,5.0,,,6.0,,,3.0,4.0,7.0,3.0,2.0,,,5.0,2.0,3.0,1.0,,,1.0,3.0,1.0,2.0,3.0,2.0,3.0,4.0,1.0,0.0,0.0,0.0,ない,ない,ない
m8776047456,52.0,1.0,1.0,2.0,10,1.0,1.0,1.0,7.0,1.0,,,3.0,5.0,,,5.0,,,3.0,,,2.0,2.0,4.0,,3.0,3.0,3.0,2.0,,,1.0,3.0,2.0,,,4.0,,,0.0,0.0,0.0,0.0,なし,なし,なし
m8774384063,78.0,1.0,1.0,3.0,15,1.0,1.0,1.0,3.0,5.0,,,4.0,1.0,3.0,7.0,1.0,4.0,5.0,1.0,4.0,5.0,2.0,1.0,4.0,,2.0,2.0,3.0,1.0,,,3.0,2.0,1.0,2.0,5.0,2.0,,,0.0,0.0,0.0,0.0,感性をデジタル化する技術,必要の無い伝統工芸は消滅すべきと考えています。 伝統工芸の始まりはその時の先端技術であったものが、時代の経過とともに伝統技術と言われる様になっただけで、誰も欲しない伝統工芸は不必要です。,特にありません。
m8776406734,45.0,1.0,0.0,2.0,12,0.0,1.0,2.0,1.0,3.0,,,1.0,5.0,,,5.0,,,2.0,,,3.0,4.0,,,3.0,3.0,3.0,2.0,,,1.0,3.0,7.0,,,4.0,,,1.0,0.0,1.0,0.0,なし,なし,なし
m87773940371,60.0,1.0,1.0,1.0,12,1.0,1.0,1.0,1.0,6.0,,,1.0,3.0,5.0,,1.0,2.0,5.0,4.0,6.0,,2.0,2.0,3.0,4.0,2.0,3.0,6.0,6.0,,,3.0,4.0,2.0,3.0,4.0,2.0,3.0,4.0,0.0,0.0,0.0,0.0,経営者は何も考えていない,衰退していくのではないか,大量生産品とコストのかかり方が違う
m89773492134,56.0,1.0,1.0,2.0,5,1.0,1.0,1.0,3.0,5.0,,,2.0,1.0,,,2.0,,,4.0,5.0,6.0,2.0,2.0,3.0,6.0,1.0,3.0,2.0,1.0,2.0,,2.0,2.0,2.0,3.0,,1.0,2.0,3.0,0.0,0.0,0.0,1.0,特になし。,職人の高齢化と機械が古くなって部品調達が難しくなっているなか、若手の採用も難しく、先行きはかなり危機感を持っている。,特にありません。
m87787111096,42.0,1.0,1.0,2.0,6,1.0,1.0,2.0,7.0,5.0,,,3.0,8.0,,,1.0,5.0,,4.0,5.0,,3.0,4.0,,,3.0,3.0,3.0,3.0,,,3.0,3.0,6.0,,,1.0,3.0,,0.0,0.0,0.0,0.0,特にない,なり手が少ない,特になし
m877626069,49.0,1.0,1.0,2.0,6,1.0,0.0,1.0,1.0,6.0,,,4.0,8.0,,,1.0,,,6.0,,,3.0,4.0,,,3.0,3.0,3.0,6.0,,,3.0,3.0,2.0,,,2.0,,,0.0,0.0,0.0,0.0,ない,衰退しないように,ない
m8932138207,61.0,1.0,1.0,2.0,7,1.0,1.0,1.0,7.0,1.0,,,4.0,2.0,,,1.0,2.0,6.0,4.0,5.0,,2.0,3.0,7.0,,3.0,2.0,3.0,4.0,,,3.0,2.0,2.0,3.0,,4.0,,,0.0,0.0,0.0,0.0,分からない,不安,分からない
m87781900677,66.0,1.0,1.0,1.0,6,1.0,1.0,1.0,1.0,5.0,,,2.0,5.0,,,1.0,2.0,5.0,3.0,4.0,6.0,1.0,2.0,3.0,4.0,1.0,3.0,3.0,6.0,,,3.0,4.0,2.0,3.0,,2.0,4.0,,0.0,0.0,0.0,0.0,特になし,若手育成,細かいところを見てもらいたい
m8776801987,67.0,1.0,1.0,1.0,5,1.0,1.0,1.0,1.0,1.0,,,4.0,8.0,,,1.0,2.0,4.0,4.0,,,1.0,2.0,3.0,4.0,1.0,3.0,6.0,6.0,,,1.0,3.0,4.0,,,4.0,,,0.0,0.0,0.0,0.0,特に情報は無い,伝統も大事にしたい,職人ではない
m8774601354,62.0,1.0,1.0,2.0,5,1.0,1.0,1.0,7.0,3.0,,,4.0,4.0,,,3.0,5.0,,2.0,3.0,,2.0,5.0,,,2.0,2.0,2.0,2.0,5.0,,2.0,3.0,3.0,5.0,,3.0,,,1.0,1.0,1.0,1.0,特にない,特にない,伝統技術を重んじてほしい
m8776220295,63.0,1.0,0.0,3.0,6,1.0,1.0,1.0,7.0,4.0,5.0,,2.0,8.0,,,1.0,2.0,5.0,4.0,5.0,6.0,2.0,4.0,,,2.0,2.0,2.0,4.0,,,5.0,2.0,1.0,2.0,3.0,1.0,2.0,4.0,0.0,0.0,0.0,0.0,製造工程の長い、品質が安定しない断裁機の自動化,世の中から必要とされ簡単に機械化・自動化されないニッチな分野の特化こそが中小零細企業の生き残り分野となっていく,工程にひと手間掛かっている点を理解し製品価格への転嫁を許容して戴きたい
m8970116933,48.0,0.0,0.0,2.0,7,1.0,0.0,2.0,7.0,3.0,,,4.0,8.0,,,7.0,,,4.0,5.0,6.0,5.0,6.0,,,3.0,3.0,3.0,4.0,,,5.0,4.0,4.0,,,5.0,,,1.0,0.0,0.0,0.0,あｑｆぽJEふぉｐJegえｇahえｒｆx,tokuninai,tokuniai
m89385417329,51.0,1.0,1.0,2.0,11,1.0,0.0,2.0,1.0,1.0,,,4.0,8.0,,,2.0,4.0,5.0,3.0,,,2.0,2.0,4.0,,3.0,3.0,3.0,4.0,,,3.0,4.0,2.0,3.0,6.0,2.0,,,0.0,0.0,0.0,0.0,わかりません,受け継ぎべきもの,手間暇かかってます
m8771745278,41.0,0.0,1.0,1.0,3,1.0,1.0,2.0,7.0,6.0,,,1.0,8.0,,,7.0,,,8.0,,,3.0,3.0,4.0,5.0,3.0,3.0,3.0,6.0,,,1.0,3.0,2.0,3.0,4.0,1.0,2.0,4.0,0.0,0.0,0.0,0.0,特にない,特にない,特にない
m87784651527,47.0,0.0,1.0,2.0,4,1.0,1.0,1.0,7.0,4.0,,,3.0,3.0,,,4.0,,,1.0,3.0,,2.0,1.0,5.0,6.0,2.0,3.0,3.0,5.0,,,5.0,3.0,2.0,,,1.0,2.0,,0.0,0.0,0.0,0.0,ない,受け継いでほしい,直接しょくにんではないので。。。
m87774041537,49.0,1.0,1.0,2.0,7,1.0,1.0,1.0,1.0,3.0,,,1.0,3.0,,,1.0,2.0,6.0,4.0,7.0,,1.0,4.0,7.0,,1.0,4.0,2.0,2.0,,,2.0,2.0,3.0,6.0,7.0,2.0,3.0,,1.0,0.0,0.0,1.0,特になし,人手不足,人員募集
m8992390901,63.0,1.0,1.0,2.0,8,0.0,1.0,1.0,1.0,5.0,,,2.0,3.0,5.0,6.0,1.0,,,4.0,,,2.0,3.0,,,1.0,2.0,2.0,1.0,,,3.0,2.0,2.0,3.0,,1.0,,,0.0,0.0,0.0,0.0,ない,若手の育成,努力
m87769402202,34.0,0.0,0.0,1.0,4,0.0,0.0,2.0,7.0,6.0,,,1.0,8.0,,,7.0,,,8.0,,,3.0,8.0,,,3.0,3.0,3.0,6.0,,,6.0,5.0,8.0,,,6.0,,,0.0,0.0,0.0,0.0,なひ,なし,なし
m87777899768,53.0,1.0,1.0,2.0,7,0.0,1.0,1.0,7.0,6.0,,,4.0,8.0,,,7.0,,,4.0,5.0,6.0,2.0,2.0,3.0,4.0,1.0,1.0,6.0,1.0,,,3.0,1.0,2.0,3.0,4.0,2.0,3.0,4.0,0.0,0.0,0.0,0.0,検討中,変革が必要,特にない
m89776530528,56.0,0.0,1.0,1.0,3,1.0,1.0,1.0,7.0,5.0,,,1.0,1.0,,,3.0,,,3.0,,,2.0,4.0,,,3.0,2.0,2.0,2.0,,,2.0,3.0,3.0,,,1.0,2.0,4.0,0.0,1.0,0.0,1.0,特にない,物価が上がっているのでもう少し考える,足を運んで欲しいのと、これからは売り込みなどして、もっと知って欲しいので売り込みをしたい
m8995468311,47.0,1.0,1.0,2.0,11,1.0,1.0,1.0,3.0,2.0,3.0,,3.0,3.0,4.0,5.0,3.0,4.0,5.0,1.0,4.0,5.0,2.0,5.0,6.0,7.0,1.0,2.0,2.0,2.0,3.0,5.0,4.0,2.0,1.0,2.0,4.0,1.0,2.0,5.0,1.0,1.0,0.0,0.0,DX化されたデータ管理,人手が不足している,なし
m8774199464,40.0,1.0,0.0,3.0,15,1.0,0.0,1.0,1.0,1.0,3.0,5.0,3.0,3.0,5.0,7.0,1.0,2.0,3.0,3.0,4.0,5.0,1.0,1.0,2.0,3.0,1.0,1.0,1.0,1.0,3.0,5.0,5.0,1.0,1.0,2.0,3.0,1.0,3.0,4.0,1.0,1.0,0.0,0.0,なし,より良い未来を期待しています。,より良い発展を期待しています。
m87783124619,49.0,1.0,1.0,2.0,4,1.0,1.0,1.0,5.0,1.0,,,4.0,1.0,8.0,,1.0,6.0,,3.0,4.0,7.0,3.0,1.0,6.0,7.0,2.0,3.0,4.0,1.0,,,2.0,2.0,2.0,4.0,7.0,1.0,2.0,4.0,0.0,0.0,0.0,1.0,ない,大量生産は効率的に機械化できるが、受注生産の一点物は結局人が作るのが早くて安いので、加工が難しいところは機械に頼り、機械が難しいところは人がやる,一点物と大量生産品を同じ土俵に乗せて金額判断しないでほしい。
m8778761054,55.0,1.0,1.0,2.0,6,1.0,1.0,1.0,7.0,1.0,,,4.0,8.0,,,1.0,2.0,,4.0,6.0,,2.0,2.0,4.0,,1.0,2.0,6.0,5.0,,,3.0,3.0,2.0,3.0,,1.0,,,0.0,0.0,0.0,0.0,検査工程でのAI導入,後継者不足が心配,納期に余裕を持たせてほしい
m87779284245,42.0,1.0,0.0,2.0,5,1.0,0.0,2.0,5.0,1.0,,,1.0,1.0,,,5.0,,,6.0,,,3.0,6.0,,,3.0,2.0,3.0,4.0,,,5.0,2.0,2.0,4.0,,5.0,,,0.0,0.0,0.0,0.0,わからない,わからない,わからない
m87773947240,64.0,1.0,1.0,3.0,7,1.0,1.0,1.0,7.0,1.0,3.0,,2.0,1.0,5.0,7.0,1.0,2.0,5.0,3.0,4.0,5.0,1.0,3.0,4.0,6.0,2.0,2.0,3.0,1.0,5.0,,3.0,2.0,2.0,3.0,4.0,1.0,2.0,4.0,1.0,0.0,0.0,0.0,進歩し続ける、ＡＩ技術そのものの積極的導入。,熟練者の高齢化の速度が、若手人材の確保の角度がアンバランスで楽観できない。,表面的にみれば、何でもない技術の裏面にある隠れた技術、その伝承の困難さを理解してほしい。
m8998256797,51.0,1.0,1.0,2.0,10,1.0,1.0,2.0,7.0,6.0,,,3.0,8.0,,,2.0,,,4.0,6.0,,4.0,3.0,4.0,,3.0,2.0,6.0,6.0,,,1.0,3.0,2.0,3.0,,2.0,3.0,4.0,0.0,0.0,0.0,0.0,特になし,特に考えていない,特になし
m87774045182,72.0,1.0,1.0,3.0,11,0.0,0.0,2.0,7.0,5.0,,,4.0,8.0,,,1.0,2.0,,2.0,4.0,5.0,2.0,2.0,3.0,5.0,2.0,2.0,2.0,6.0,,,3.0,2.0,1.0,3.0,,1.0,2.0,,0.0,0.0,1.0,0.0,特にない,創造性を活かした品質管理,特にない
m8788405914,53.0,1.0,0.0,1.0,5,1.0,0.0,1.0,1.0,1.0,,,2.0,5.0,,,2.0,,,3.0,4.0,5.0,1.0,1.0,2.0,6.0,1.0,3.0,3.0,4.0,,,2.0,2.0,1.0,2.0,,1.0,3.0,,0.0,0.0,0.0,1.0,良く解りませんがAIとか,形あるものはすべからくいつかは壊れます。伝統的なものを失った経験も今までたくさんあったはずです。その歴史の繰り返しだと思います。伝統工芸に携わって後継者がいなくて滅びたとしても決して罪ではないと思います。,時代に合わせて良いと思うものを使っていくだけではないでしょうか？「古くからの伝統のモノだ！使うべきだ！」というのは傲慢だし今の時代一番ダメな姿勢だと思います。モノづくりをするものは今の時代を感じ人と触れ合う中で今の時代に合うものを作る事で次の時代に引き継ぐことが出来るのだと思います。だからと言って消費者の言いなりになるという事ではないですよ。
m8771662360,37.0,1.0,0.0,2.0,5,0.0,0.0,2.0,7.0,1.0,,,3.0,8.0,,,2.0,5.0,,3.0,4.0,6.0,3.0,2.0,4.0,5.0,2.0,2.0,3.0,3.0,4.0,5.0,3.0,3.0,1.0,2.0,3.0,1.0,2.0,4.0,0.0,0.0,0.0,0.0,特になし,未来に続けて行くこと。,特になし
m88379284233,55.0,1.0,1.0,2.0,7,1.0,1.0,2.0,7.0,5.0,,,1.0,1.0,,,6.0,,,1.0,,,3.0,3.0,,,3.0,3.0,3.0,4.0,,,3.0,3.0,4.0,,,2.0,,,0.0,0.0,0.0,0.0,ない,わからない,わからない
m8776705562,63.0,1.0,1.0,3.0,10,1.0,0.0,1.0,7.0,6.0,,,4.0,3.0,,,3.0,4.0,,5.0,,,2.0,1.0,4.0,5.0,2.0,3.0,3.0,6.0,,,2.0,3.0,5.0,,,3.0,,,0.0,1.0,0.0,1.0,cad,わからない,なし
m87771074270,40.0,1.0,0.0,1.0,2,0.0,0.0,1.0,7.0,1.0,,,1.0,1.0,,,1.0,,,4.0,,,1.0,3.0,,,3.0,2.0,3.0,1.0,,,5.0,1.0,2.0,5.0,,4.0,,,0.0,0.0,0.0,0.0,はやすよ,かのはよは（け,ラヤかめせさな
m89784273152,54.0,1.0,1.0,2.0,9,1.0,1.0,1.0,7.0,6.0,,,4.0,4.0,6.0,,1.0,2.0,4.0,4.0,5.0,6.0,1.0,3.0,6.0,,1.0,2.0,1.0,2.0,,,3.0,2.0,1.0,2.0,3.0,3.0,,,0.0,0.0,0.0,0.0,思いつかない,思いつかない,思いつかない
m8776115935,66.0,1.0,1.0,2.0,6,0.0,1.0,2.0,7.0,6.0,,,1.0,8.0,,,2.0,,,4.0,,,1.0,2.0,,,1.0,6.0,4.0,6.0,,,6.0,2.0,1.0,3.0,4.0,2.0,,,0.0,0.0,0.0,0.0,特にない,特にない,特にない
m87773917462,67.0,0.0,1.0,1.0,5,1.0,1.0,2.0,7.0,1.0,,,1.0,8.0,,,1.0,,,1.0,6.0,,3.0,3.0,,,3.0,3.0,3.0,6.0,,,1.0,3.0,2.0,3.0,,1.0,3.0,,0.0,0.0,0.0,0.0,なし,持続してほしい,なし
m8771889338,56.0,1.0,0.0,2.0,5,0.0,0.0,1.0,1.0,3.0,,,2.0,3.0,,,1.0,,,4.0,,,2.0,5.0,,,2.0,2.0,1.0,2.0,,,5.0,2.0,3.0,,,1.0,,,1.0,0.0,0.0,0.0,なし,なし,なし
m8772940624,55.0,0.0,1.0,2.0,8,0.0,1.0,1.0,7.0,6.0,,,4.0,4.0,5.0,,1.0,2.0,5.0,4.0,5.0,6.0,1.0,2.0,4.0,5.0,1.0,1.0,2.0,1.0,2.0,4.0,4.0,2.0,2.0,6.0,7.0,1.0,2.0,4.0,0.0,0.0,0.0,0.0,わからない,継承する,省エネ
m8785813979,57.0,1.0,1.0,2.0,9,1.0,1.0,2.0,5.0,4.0,,,1.0,3.0,,,2.0,,,1.0,,,2.0,1.0,,,2.0,2.0,3.0,3.0,,,2.0,2.0,3.0,,,4.0,,,0.0,0.0,0.0,1.0,よいと考えています。,よくわかりません。,よいと考えています。
m8770585090,36.0,0.0,1.0,1.0,8,1.0,1.0,1.0,7.0,4.0,,,1.0,7.0,,,5.0,,,2.0,7.0,,3.0,5.0,,,3.0,3.0,3.0,5.0,,,2.0,4.0,7.0,,,5.0,,,0.0,0.0,1.0,1.0,特になし,技術継承が課題,思いを感じながら使って欲しい
m89785682138,54.0,1.0,1.0,2.0,5,1.0,1.0,2.0,7.0,1.0,,,4.0,8.0,,,7.0,,,5.0,,,3.0,1.0,3.0,4.0,3.0,2.0,4.0,1.0,2.0,3.0,1.0,3.0,1.0,2.0,5.0,2.0,4.0,,0.0,0.0,0.0,0.0,特になし,特になし,特になし
m87788787101,43.0,1.0,1.0,2.0,6,0.0,1.0,2.0,7.0,1.0,,,2.0,2.0,,,2.0,5.0,,3.0,,,3.0,4.0,7.0,,3.0,3.0,3.0,5.0,,,1.0,3.0,2.0,3.0,,3.0,,,0.0,0.0,0.0,0.0,特にない,特にない,特にない
m89783637718,69.0,1.0,1.0,1.0,3,1.0,1.0,1.0,7.0,1.0,,,4.0,1.0,,,1.0,2.0,6.0,4.0,5.0,7.0,2.0,1.0,,,2.0,3.0,3.0,1.0,2.0,4.0,2.0,1.0,2.0,3.0,4.0,1.0,2.0,3.0,0.0,0.0,0.0,1.0,特に無い。,明るい。,特に無い。
m87774039188,44.0,1.0,0.0,2.0,10,1.0,0.0,1.0,1.0,1.0,,,3.0,1.0,3.0,,1.0,2.0,,1.0,3.0,4.0,2.0,1.0,2.0,3.0,3.0,3.0,3.0,1.0,,,3.0,3.0,4.0,6.0,7.0,1.0,2.0,3.0,0.0,0.0,0.0,0.0,特になし,特になし,特になし
m87773923942,60.0,1.0,1.0,2.0,11,1.0,1.0,2.0,7.0,1.0,,,4.0,2.0,3.0,4.0,3.0,5.0,6.0,1.0,4.0,6.0,1.0,1.0,3.0,4.0,2.0,2.0,1.0,2.0,3.0,4.0,3.0,1.0,1.0,2.0,3.0,2.0,3.0,4.0,0.0,1.0,0.0,0.0,自動ロボット,明るい,特に無し
m87782292546,59.0,1.0,0.0,2.0,5,1.0,0.0,1.0,7.0,1.0,,,4.0,5.0,,,1.0,,,4.0,6.0,,2.0,2.0,3.0,4.0,2.0,2.0,4.0,1.0,2.0,5.0,3.0,2.0,3.0,4.0,,1.0,2.0,3.0,0.0,0.0,0.0,0.0,特にない,減っていく,国産使ってほしい。
m8773406230,59.0,1.0,1.0,2.0,11,1.0,1.0,2.0,2.0,5.0,,,1.0,1.0,,,1.0,,,3.0,,,3.0,4.0,,,3.0,3.0,3.0,4.0,,,4.0,3.0,3.0,,,2.0,,,0.0,0.0,0.0,0.0,無し,なし,なし
m87768183364,59.0,0.0,1.0,1.0,4,1.0,1.0,2.0,3.0,1.0,,,1.0,2.0,,,3.0,,,5.0,,,3.0,7.0,,,3.0,3.0,3.0,4.0,,,5.0,4.0,6.0,,,3.0,,,0.0,1.0,0.0,0.0,とくになし,とくになし,とくになし
m87774036079,37.0,1.0,0.0,1.0,4,0.0,0.0,2.0,1.0,1.0,,,1.0,1.0,,,4.0,,,7.0,,,3.0,2.0,,,4.0,3.0,3.0,2.0,,,4.0,3.0,4.0,,,1.0,,,0.0,0.0,0.0,0.0,なし,なし,なし
m87782891731,48.0,0.0,0.0,2.0,3,0.0,0.0,2.0,7.0,6.0,,,3.0,8.0,,,1.0,2.0,5.0,4.0,5.0,6.0,2.0,1.0,5.0,6.0,2.0,3.0,6.0,1.0,,,1.0,2.0,3.0,5.0,6.0,1.0,2.0,3.0,0.0,0.0,0.0,0.0,特になし,その分野に従事する人口の低下が心配,まずは商品を見て欲しい
m87784679117,36.0,0.0,0.0,2.0,4,0.0,0.0,1.0,3.0,4.0,,,3.0,4.0,,,3.0,,,1.0,,,2.0,5.0,,,5.0,3.0,4.0,3.0,,,5.0,3.0,4.0,,,5.0,,,0.0,1.0,0.0,0.0,わからない,わからない,わからない
m89783989255,51.0,1.0,0.0,2.0,4,0.0,0.0,2.0,6.0,1.0,,,1.0,6.0,,,1.0,,,3.0,,,3.0,5.0,,,3.0,6.0,6.0,3.0,,,1.0,3.0,2.0,,,3.0,,,0.0,0.0,0.0,0.0,わからない,わからない,わからない
m87773941055,58.0,1.0,1.0,2.0,9,1.0,1.0,1.0,7.0,5.0,,,4.0,8.0,,,1.0,2.0,5.0,4.0,,,1.0,2.0,3.0,6.0,2.0,1.0,4.0,1.0,4.0,,4.0,2.0,2.0,3.0,4.0,1.0,2.0,3.0,0.0,0.0,0.0,0.0,分かりません,関連が無いので分かりません,職人では無いので分かりません
m87765429596,71.0,1.0,1.0,1.0,5,1.0,1.0,1.0,7.0,2.0,,,4.0,1.0,5.0,,4.0,,,4.0,5.0,6.0,2.0,3.0,4.0,7.0,1.0,2.0,3.0,4.0,,,3.0,2.0,2.0,3.0,4.0,1.0,2.0,3.0,0.0,0.0,0.0,0.0,技能伝承用の教材作り,時代に合った製品とそれに伴う品質とコストダウンを維持すれば未来はあると思う。,品質チェックの過程
m87766444843,56.0,1.0,1.0,2.0,7,1.0,1.0,1.0,7.0,6.0,,,4.0,8.0,,,1.0,2.0,5.0,4.0,,,2.0,2.0,3.0,4.0,2.0,2.0,2.0,1.0,3.0,5.0,3.0,2.0,1.0,2.0,3.0,1.0,3.0,4.0,0.0,0.0,0.0,0.0,特になし。,続いていってほしい,特にはない、
m877235855,51.0,1.0,0.0,2.0,8,0.0,0.0,1.0,1.0,4.0,,,4.0,3.0,,,2.0,4.0,5.0,3.0,,,3.0,1.0,4.0,,3.0,3.0,3.0,1.0,,,1.0,2.0,5.0,,,2.0,,,0.0,0.0,0.0,0.0,特になし,衰退する,技術に見合った価格を
m87779697102,34.0,1.0,1.0,2.0,6,1.0,1.0,1.0,7.0,6.0,,,3.0,8.0,,,1.0,2.0,,4.0,5.0,6.0,2.0,2.0,3.0,4.0,2.0,2.0,4.0,5.0,,,3.0,2.0,1.0,3.0,4.0,1.0,2.0,4.0,0.0,0.0,0.0,0.0,とくになし,絶やしてはいけないので、自動化はやむを得ないと感じます。,大事に利用して下さい。
m87772763273,60.0,1.0,1.0,2.0,5,1.0,1.0,1.0,1.0,4.0,,,3.0,2.0,3.0,5.0,1.0,4.0,5.0,1.0,5.0,6.0,3.0,3.0,4.0,,2.0,3.0,3.0,1.0,5.0,,5.0,2.0,1.0,2.0,5.0,1.0,2.0,3.0,0.0,0.0,0.0,0.0,検討中,淘汰して良いもの、次世代へ残すものを明確にして事業展開おこなう,人材育成と設備投資に対してコストが合えば成立するが見合わなければ衰退すると感じる
m8770654341,58.0,1.0,1.0,2.0,11,1.0,1.0,2.0,7.0,6.0,,,4.0,1.0,,,1.0,5.0,,4.0,5.0,6.0,1.0,4.0,,,1.0,1.0,6.0,1.0,,,3.0,1.0,1.0,2.0,7.0,1.0,3.0,5.0,0.0,0.0,0.0,0.0,特になし,社会が変化しても需要を維持して行ける,特になし
m8776661474,34.0,0.0,1.0,1.0,9,1.0,1.0,2.0,7.0,6.0,,,1.0,1.0,,,1.0,,,2.0,,,2.0,1.0,,,3.0,3.0,3.0,5.0,,,1.0,2.0,3.0,,,1.0,,,0.0,0.0,1.0,0.0,とくになし,とくになし,とくになし
m89788767886,62.0,1.0,1.0,1.0,11,1.0,1.0,1.0,7.0,6.0,,,4.0,2.0,3.0,4.0,1.0,5.0,,3.0,5.0,,1.0,3.0,4.0,5.0,1.0,1.0,1.0,1.0,2.0,5.0,3.0,1.0,1.0,2.0,3.0,1.0,2.0,4.0,0.0,0.0,0.0,0.0,エッジAIの導入,先細りを危惧,価値を認めてほしい
m89783321958,48.0,1.0,1.0,2.0,12,1.0,1.0,2.0,7.0,4.0,,,1.0,8.0,,,7.0,,,8.0,,,3.0,8.0,,,3.0,3.0,3.0,6.0,,,6.0,5.0,8.0,,,6.0,,,0.0,0.0,0.0,0.0,関わっていない,関わっていない,関わっていない
m89788032365,58.0,1.0,1.0,3.0,14,1.0,1.0,1.0,7.0,3.0,4.0,5.0,4.0,1.0,3.0,5.0,1.0,2.0,4.0,4.0,5.0,6.0,1.0,2.0,3.0,6.0,2.0,3.0,3.0,2.0,5.0,,5.0,2.0,1.0,2.0,4.0,1.0,2.0,4.0,1.0,0.0,0.0,0.0,標準化 自動化 簡易化 若手への伝承,うまく伝承していかないと途絶えてしまう。 そのために何をすべきか。 個人よりも皆で取り組むべき。,技術や技、歴史を理解して欲しい。 古い物の価値、良さもわかって欲しい。 そうなる為に何か必要か、考えていきたい
m8776520518,61.0,1.0,1.0,2.0,5,1.0,1.0,1.0,7.0,1.0,,,3.0,5.0,,,1.0,,,4.0,,,1.0,2.0,6.0,7.0,2.0,1.0,3.0,1.0,,,2.0,1.0,1.0,2.0,4.0,4.0,,,0.0,0.0,0.0,1.0,レーザー加工技術,将来性はあります,日本の製造業を信じて欲しい
m87786861985,53.0,1.0,1.0,2.0,9,1.0,1.0,1.0,7.0,3.0,,,4.0,2.0,,,1.0,5.0,,3.0,4.0,,2.0,4.0,,,2.0,3.0,3.0,1.0,,,1.0,3.0,1.0,3.0,,2.0,,,1.0,0.0,0.0,0.0,ありません,人材不足が心配,ありません
m899787144,65.0,1.0,0.0,1.0,5,1.0,1.0,2.0,7.0,6.0,,,1.0,8.0,,,7.0,,,8.0,,,2.0,2.0,,,2.0,2.0,3.0,6.0,,,6.0,2.0,8.0,,,1.0,2.0,3.0,0.0,0.0,0.0,0.0,ない,特にない,職人ではない
m89784576258,50.0,1.0,0.0,2.0,4,0.0,0.0,1.0,7.0,1.0,,,3.0,8.0,,,2.0,5.0,,3.0,4.0,6.0,2.0,2.0,3.0,6.0,2.0,2.0,2.0,6.0,,,3.0,3.0,2.0,3.0,4.0,1.0,,,0.0,0.0,0.0,0.0,五年以内は検討していない,これからはすべてロボットがやる,伝えたいことはこれといってないです
m89765826302,30.0,0.0,1.0,2.0,10,0.0,0.0,1.0,1.0,1.0,,,2.0,2.0,3.0,4.0,1.0,2.0,3.0,4.0,5.0,6.0,2.0,2.0,3.0,6.0,1.0,2.0,1.0,1.0,3.0,,3.0,1.0,1.0,2.0,3.0,1.0,3.0,4.0,0.0,1.0,0.0,0.0,特に無し,絶やさず伝承したい,特に無し
m87773921385,63.0,1.0,1.0,2.0,8,0.0,1.0,1.0,1.0,1.0,,,4.0,8.0,,,2.0,,,4.0,,,2.0,3.0,,,2.0,1.0,1.0,1.0,4.0,,3.0,1.0,2.0,3.0,4.0,1.0,3.0,4.0,0.0,0.0,0.0,0.0,AIの活用,若者に対する、教育体制の見直しが必要。,日本の根幹は、モノづくりであることを知って欲しい。
m87788483604,24.0,1.0,0.0,1.0,1,0.0,0.0,1.0,7.0,1.0,,,1.0,4.0,5.0,7.0,1.0,2.0,5.0,3.0,4.0,7.0,2.0,2.0,3.0,7.0,1.0,3.0,2.0,3.0,,,2.0,2.0,2.0,3.0,7.0,3.0,4.0,5.0,0.0,0.0,0.0,1.0,電気自動車を取り入れた技術、コスパが良く、より安定した商品を開発をする予定,人間の巧みによる技術が年々廃れてきており、テクノロジーによって伝統そのものがなくなる可能性がある,職人でしか味わえない細かい部分やデザイン、技術が込められている事を知って欲しい
m87784629988,49.0,1.0,1.0,2.0,9,1.0,1.0,1.0,1.0,1.0,,,4.0,1.0,,,2.0,,,6.0,,,2.0,2.0,4.0,,3.0,3.0,3.0,2.0,,,1.0,2.0,4.0,,,2.0,,,0.0,0.0,0.0,0.0,なし,まだわからない,時間が掛かる
m8846412660,64.0,1.0,1.0,2.0,8,0.0,1.0,2.0,7.0,1.0,,,4.0,3.0,,,1.0,2.0,5.0,3.0,4.0,6.0,2.0,2.0,3.0,4.0,1.0,2.0,3.0,5.0,,,3.0,2.0,2.0,3.0,6.0,1.0,2.0,3.0,0.0,0.0,0.0,0.0,特に無い,特に無い,特に無い
m89784240914,60.0,1.0,1.0,1.0,4,0.0,1.0,1.0,1.0,1.0,,,3.0,6.0,,,2.0,,,3.0,,,4.0,6.0,,,4.0,4.0,4.0,5.0,,,2.0,3.0,4.0,,,2.0,,,0.0,0.0,0.0,1.0,なし,なし,なし
m89786188728,42.0,1.0,1.0,2.0,10,0.0,1.0,2.0,3.0,4.0,,,1.0,2.0,,,2.0,,,2.0,,,3.0,2.0,,,3.0,3.0,3.0,1.0,,,2.0,3.0,2.0,,,2.0,,,0.0,0.0,1.0,1.0,なし,なし,なし
m89786505604,48.0,1.0,1.0,2.0,7,1.0,1.0,1.0,1.0,1.0,,,1.0,7.0,,,1.0,,,4.0,,,3.0,3.0,,,3.0,3.0,4.0,3.0,,,3.0,3.0,3.0,,,5.0,,,0.0,0.0,0.0,0.0,なし,なし,なし
m87779274303,77.0,1.0,1.0,2.0,7,1.0,1.0,1.0,7.0,5.0,,,4.0,1.0,,,1.0,2.0,5.0,4.0,6.0,,2.0,3.0,4.0,6.0,2.0,2.0,2.0,1.0,3.0,4.0,3.0,1.0,2.0,3.0,4.0,2.0,3.0,,0.0,0.0,0.0,0.0,特になし,難しい,特になし
m87783634100,58.0,0.0,1.0,1.0,6,1.0,0.0,2.0,7.0,6.0,,,3.0,8.0,,,7.0,,,1.0,,,3.0,6.0,,,3.0,3.0,3.0,6.0,,,3.0,3.0,3.0,,,2.0,,,0.0,0.0,0.0,0.0,テクノロジーは､検討は､してない。,特に考えてない。,特にない
m8778306862,50.0,1.0,0.0,2.0,2,0.0,0.0,1.0,7.0,1.0,,,4.0,8.0,,,7.0,,,8.0,,,3.0,8.0,,,3.0,3.0,3.0,6.0,,,6.0,5.0,8.0,,,6.0,,,0.0,0.0,0.0,0.0,製造,製造,製造
m89788562973,53.0,0.0,1.0,1.0,10,1.0,1.0,2.0,7.0,6.0,,,1.0,3.0,,,7.0,,,8.0,,,2.0,3.0,,,2.0,3.0,4.0,6.0,,,3.0,3.0,4.0,,,2.0,,,0.0,0.0,0.0,0.0,無し,継承難航の工芸を国単位で救うべき,分からない
m87773959503,30.0,0.0,0.0,2.0,10,1.0,0.0,2.0,7.0,4.0,,,1.0,4.0,,,6.0,,,7.0,,,3.0,2.0,,,3.0,6.0,3.0,5.0,,,3.0,3.0,3.0,,,3.0,,,0.0,0.0,0.0,0.0,特になし,特になし,特になし
m8776423307,65.0,1.0,1.0,2.0,11,1.0,1.0,1.0,7.0,1.0,,,1.0,8.0,,,1.0,3.0,,3.0,4.0,6.0,2.0,4.0,7.0,,2.0,2.0,2.0,4.0,,,4.0,4.0,2.0,5.0,,2.0,4.0,5.0,0.0,1.0,0.0,0.0,特にない,伝統は必要であるのが全ての工芸を伝えるのは困難であると思うので伝承すべき工芸の絞り込みも必要と思う,環境に合わせた商品開発に応援いただきたい
m8772636488,45.0,1.0,1.0,2.0,12,1.0,1.0,1.0,5.0,5.0,,,2.0,1.0,,,2.0,,,4.0,,,3.0,6.0,,,3.0,4.0,2.0,1.0,,,4.0,3.0,3.0,,,4.0,,,0.0,0.0,0.0,0.0,特になし,なくなることはない,特になし
m87773924613,39.0,1.0,1.0,2.0,7,1.0,1.0,1.0,1.0,1.0,,,1.0,6.0,,,5.0,,,3.0,,,3.0,3.0,4.0,,2.0,3.0,3.0,1.0,,,1.0,3.0,1.0,2.0,,2.0,,,0.0,0.0,0.0,0.0,特になし,特になし,特になし
m8776483003,61.0,1.0,1.0,2.0,9,1.0,1.0,1.0,1.0,6.0,,,1.0,5.0,,,4.0,,,5.0,,,3.0,4.0,,,3.0,3.0,3.0,2.0,,,1.0,3.0,4.0,,,4.0,,,0.0,0.0,0.0,0.0,ai,国内回帰,特にありません
m87774037037,56.0,1.0,1.0,2.0,8,0.0,1.0,1.0,1.0,5.0,,,1.0,1.0,,,2.0,,,6.0,,,1.0,2.0,4.0,,1.0,2.0,2.0,2.0,,,4.0,2.0,2.0,,,3.0,,,0.0,0.0,0.0,0.0,分からない,可能性がある,分からない
m87774488046,47.0,1.0,1.0,2.0,7,0.0,0.0,1.0,1.0,1.0,,,1.0,8.0,,,1.0,5.0,,5.0,,,2.0,1.0,2.0,,2.0,3.0,4.0,4.0,,,1.0,1.0,2.0,4.0,,1.0,2.0,3.0,0.0,0.0,0.0,0.0,AIによる過去データ検索エンジン,伝統にすがりついてるだけではなく、新しいことにチャレンジすることも大事,意見・要望はどんどん発信してほしい
m87773835339,52.0,1.0,1.0,2.0,6,1.0,1.0,1.0,7.0,1.0,3.0,4.0,4.0,2.0,3.0,,1.0,2.0,,4.0,5.0,,2.0,2.0,3.0,7.0,2.0,2.0,2.0,4.0,,,3.0,2.0,2.0,3.0,6.0,1.0,2.0,3.0,1.0,0.0,0.0,0.0,特になし,手作業はなくしちゃいけない,コスト高騰しても品質一番
m87771864219,34.0,1.0,0.0,2.0,6,0.0,0.0,1.0,1.0,4.0,,,2.0,5.0,7.0,,1.0,,,1.0,,,3.0,5.0,,,2.0,3.0,3.0,2.0,,,3.0,2.0,3.0,,,5.0,,,0.0,0.0,0.0,0.0,特になし,特になし,特になし
m8998312387,63.0,1.0,0.0,2.0,6,1.0,0.0,2.0,7.0,6.0,,,4.0,8.0,,,2.0,,,4.0,,,3.0,3.0,,,3.0,3.0,3.0,6.0,,,3.0,3.0,3.0,,,3.0,,,0.0,0.0,0.0,0.0,ない,ない,ない
m8935834563,55.0,0.0,0.0,2.0,7,1.0,0.0,2.0,7.0,4.0,,,4.0,1.0,,,5.0,,,4.0,6.0,7.0,3.0,4.0,5.0,7.0,3.0,3.0,3.0,5.0,,,3.0,3.0,2.0,3.0,,2.0,,,0.0,0.0,0.0,0.0,特にない,特にない,特にない
m87784317278,54.0,1.0,1.0,2.0,10,1.0,1.0,2.0,7.0,4.0,,,4.0,8.0,,,7.0,,,4.0,5.0,6.0,3.0,8.0,,,3.0,3.0,6.0,1.0,4.0,5.0,1.0,3.0,8.0,,,2.0,,,0.0,0.0,0.0,0.0,分からない,伝承出来る環境作り,価格だけでなく品質をみて欲しい
m8785760244,40.0,1.0,1.0,2.0,9,1.0,0.0,1.0,7.0,4.0,,,3.0,7.0,,,1.0,,,1.0,,,4.0,7.0,,,4.0,3.0,4.0,5.0,,,1.0,3.0,2.0,,,4.0,,,0.0,0.0,0.0,0.0,チャットGPT5.0 ,守るべき文化,未来への継承
m897358169,64.0,1.0,1.0,3.0,1,1.0,1.0,1.0,1.0,1.0,,,4.0,1.0,,,1.0,2.0,,5.0,6.0,,2.0,2.0,4.0,7.0,2.0,2.0,2.0,5.0,,,1.0,2.0,2.0,3.0,,1.0,4.0,,0.0,0.0,0.0,0.0,わからない,わからない,わからない
m87784696123,46.0,1.0,1.0,2.0,7,0.0,1.0,2.0,4.0,3.0,,,3.0,4.0,,,3.0,,,5.0,,,3.0,7.0,,,3.0,3.0,4.0,5.0,,,2.0,3.0,3.0,,,4.0,,,1.0,1.0,0.0,1.0,なし,なし,なし
m89786568904,51.0,1.0,0.0,1.0,2,1.0,0.0,2.0,7.0,1.0,,,1.0,1.0,,,5.0,,,4.0,,,3.0,4.0,,,3.0,3.0,2.0,5.0,,,3.0,3.0,7.0,,,5.0,,,0.0,0.0,0.0,0.0,特になし,わからない,なし
m899693535,68.0,0.0,1.0,1.0,6,1.0,1.0,2.0,7.0,1.0,,,1.0,8.0,,,1.0,,,3.0,,,4.0,6.0,,,3.0,4.0,4.0,6.0,,,3.0,3.0,4.0,,,1.0,2.0,,0.0,0.0,0.0,0.0,なし,継承すべき,なし
m89382119399,49.0,1.0,1.0,2.0,7,1.0,1.0,1.0,5.0,1.0,2.0,3.0,4.0,1.0,2.0,,3.0,4.0,5.0,2.0,5.0,7.0,2.0,1.0,3.0,4.0,1.0,2.0,2.0,2.0,3.0,4.0,5.0,1.0,1.0,3.0,5.0,1.0,4.0,,1.0,1.0,1.0,0.0,プレカットの自動化を進めていきたい,職人が減りより安価な製品が主流になる,手作りの良さをもと知っていただきたい
m89783936648,39.0,1.0,1.0,3.0,4,1.0,0.0,2.0,1.0,1.0,,,1.0,1.0,,,1.0,,,2.0,,,2.0,4.0,,,1.0,1.0,1.0,1.0,,,5.0,1.0,1.0,,,5.0,,,0.0,0.0,1.0,0.0,AI,捨て難い,可能性がある
m88263067065,44.0,1.0,1.0,2.0,6,1.0,1.0,1.0,7.0,6.0,,,1.0,8.0,,,1.0,2.0,5.0,4.0,5.0,6.0,2.0,2.0,3.0,4.0,5.0,3.0,3.0,6.0,,,1.0,2.0,2.0,3.0,4.0,1.0,2.0,4.0,0.0,0.0,0.0,0.0,特に無し,特に無し,特に無し
m87876103252,65.0,1.0,0.0,2.0,8,0.0,1.0,1.0,6.0,5.0,,,1.0,6.0,,,2.0,,,6.0,,,3.0,2.0,3.0,,1.0,3.0,3.0,6.0,,,3.0,3.0,3.0,,,4.0,,,0.0,0.0,0.0,0.0,なし,わからない,なし 
m89385058902,24.0,1.0,0.0,1.0,1,0.0,0.0,2.0,7.0,1.0,,,1.0,5.0,6.0,7.0,1.0,2.0,5.0,1.0,4.0,7.0,1.0,1.0,2.0,4.0,2.0,2.0,2.0,1.0,3.0,,1.0,2.0,2.0,3.0,4.0,2.0,3.0,4.0,0.0,0.0,0.0,0.0,ガソリンを使わず、そして道路に負担がしない環境に配慮した技術を取り入れた商品が開発される,テクノロジーでは再現できない技術力が失われていく恐れ,職人の思いが込められたデザインや技術力を見てほしい
m8774413347,60.0,1.0,1.0,2.0,9,1.0,1.0,1.0,1.0,1.0,,,3.0,1.0,5.0,6.0,1.0,2.0,5.0,4.0,5.0,6.0,1.0,2.0,3.0,4.0,1.0,2.0,4.0,1.0,2.0,5.0,1.0,2.0,1.0,3.0,5.0,1.0,2.0,3.0,0.0,0.0,0.0,0.0,AIによる今後のトレンドや嗜好を早く感じたい,今後、職人だけのやり方だけでは、限界があり、テクノロジーの活用が必要,伝統的な良さをなるべく残していくので、違いがあれば、どこが受け入れないかを発信してほしい。
m87773927703,38.0,1.0,1.0,2.0,8,0.0,1.0,1.0,7.0,3.0,,,3.0,2.0,,,3.0,5.0,,5.0,,,3.0,4.0,6.0,,3.0,3.0,2.0,1.0,3.0,,1.0,1.0,1.0,,,2.0,3.0,,1.0,1.0,0.0,0.0,特になし,技術伝承が難しい,特になしと
m8932244089,69.0,1.0,1.0,1.0,9,1.0,1.0,1.0,1.0,2.0,,,4.0,1.0,,,2.0,4.0,6.0,3.0,4.0,5.0,2.0,1.0,3.0,6.0,1.0,3.0,4.0,1.0,3.0,4.0,1.0,1.0,4.0,5.0,7.0,1.0,2.0,5.0,0.0,0.0,0.0,0.0,特になし。,特になし。,特になし。
m89786061366,42.0,0.0,1.0,2.0,12,0.0,1.0,1.0,7.0,1.0,,,2.0,8.0,,,6.0,,,4.0,,,1.0,2.0,3.0,5.0,1.0,3.0,2.0,2.0,,,3.0,2.0,4.0,,,5.0,,,0.0,0.0,0.0,0.0,とくに今は考えてない,魅力的だと思う。国内外からの視点をフルに活用すれば取引も増えるはず,生産工程もぜひ見てもらいたい
m87789370346,45.0,1.0,1.0,2.0,11,1.0,1.0,1.0,7.0,6.0,,,3.0,1.0,,,3.0,,,3.0,,,2.0,1.0,,,3.0,3.0,3.0,3.0,,,1.0,3.0,3.0,,,2.0,,,0.0,1.0,0.0,0.0,特にない,特にない,特にない
m8775534927,51.0,1.0,1.0,2.0,15,1.0,1.0,1.0,7.0,1.0,,,1.0,4.0,,,1.0,2.0,,4.0,5.0,6.0,2.0,2.0,3.0,5.0,1.0,2.0,3.0,1.0,4.0,,3.0,2.0,3.0,5.0,,1.0,3.0,,0.0,0.0,0.0,0.0,予定無し,2極化がさらに進む。人が介入せずとも類似品が作成可能になる反面、人間にしか創り出せない品質や風合いが重要視される,本質を見抜き、ご自身が大切にしているものには相当の対価を支払い手に入れていただきたい
m87778886621,49.0,1.0,1.0,2.0,11,1.0,1.0,2.0,7.0,5.0,,,4.0,8.0,,,1.0,2.0,5.0,4.0,,,3.0,2.0,3.0,4.0,2.0,3.0,3.0,2.0,,,4.0,3.0,1.0,2.0,3.0,1.0,,,0.0,0.0,0.0,0.0,特になし,特になし,特になし
m88478766748,65.0,1.0,0.0,2.0,8,0.0,1.0,2.0,6.0,5.0,,,1.0,5.0,6.0,7.0,2.0,,,3.0,,,3.0,3.0,,,3.0,3.0,3.0,6.0,,,3.0,3.0,3.0,6.0,,4.0,,,0.0,0.0,0.0,0.0,なし,なし,なし
m8772759162,46.0,1.0,0.0,2.0,3,0.0,1.0,2.0,1.0,1.0,,,1.0,8.0,,,7.0,,,8.0,,,3.0,3.0,,,3.0,3.0,3.0,6.0,,,1.0,3.0,8.0,,,6.0,,,0.0,0.0,0.0,0.0,特に無い,特に無い,特に無い
m88882311011,62.0,0.0,1.0,2.0,1,1.0,0.0,1.0,1.0,6.0,,,4.0,3.0,5.0,,1.0,2.0,5.0,4.0,,,2.0,2.0,,,2.0,3.0,3.0,3.0,,,3.0,2.0,1.0,,,2.0,,,0.0,0.0,0.0,0.0,特にありません,技術の伝承,特にありません
m89776546565,46.0,1.0,1.0,2.0,4,1.0,1.0,1.0,5.0,1.0,,,2.0,5.0,,,2.0,,,4.0,,,3.0,2.0,3.0,,1.0,2.0,2.0,4.0,,,1.0,2.0,2.0,7.0,,1.0,2.0,,0.0,0.0,0.0,0.0,精密ロボット,若い人にもっと興味を持ってもらい、古き良き物の良さを分かってもらいたい。,日本のものづくりは、世界一。
m8774772270,56.0,1.0,1.0,2.0,7,0.0,0.0,1.0,7.0,3.0,,,4.0,2.0,3.0,5.0,1.0,4.0,5.0,1.0,3.0,6.0,1.0,1.0,3.0,4.0,1.0,2.0,2.0,1.0,2.0,5.0,4.0,2.0,2.0,3.0,4.0,2.0,3.0,4.0,1.0,0.0,0.0,0.0,特にない,特にない,特にない
m87773971604,68.0,1.0,1.0,3.0,10,1.0,1.0,1.0,7.0,5.0,,,4.0,2.0,3.0,4.0,2.0,4.0,5.0,1.0,3.0,4.0,2.0,2.0,3.0,4.0,2.0,2.0,2.0,1.0,2.0,,3.0,2.0,2.0,3.0,4.0,1.0,2.0,5.0,0.0,0.0,0.0,0.0,AI,非常に重要,職人技術を理解sてほしい
m8775534979,42.0,1.0,1.0,2.0,4,0.0,0.0,1.0,7.0,6.0,,,1.0,8.0,,,7.0,,,8.0,,,3.0,8.0,,,3.0,6.0,3.0,6.0,,,6.0,5.0,8.0,,,6.0,,,0.0,0.0,0.0,0.0,なし,なし,なし
m8778608144,59.0,1.0,1.0,3.0,6,1.0,1.0,1.0,1.0,5.0,,,4.0,8.0,,,2.0,,,4.0,,,2.0,2.0,3.0,4.0,1.0,6.0,6.0,1.0,,,3.0,3.0,2.0,3.0,,1.0,4.0,,0.0,0.0,0.0,0.0,特にない,人員が不足するので、すたれていく,特にない
m8775867381,69.0,1.0,1.0,1.0,6,1.0,1.0,1.0,1.0,1.0,,,1.0,3.0,5.0,,1.0,2.0,4.0,4.0,6.0,,2.0,2.0,3.0,,3.0,3.0,2.0,4.0,,,5.0,2.0,5.0,6.0,7.0,2.0,3.0,5.0,0.0,0.0,0.0,0.0,既存データからの品質の安定化,伝統工芸は芸術的希少価値を優先すると、工業化になじまないと考えている。,伝統を単に維持するのではなく、必要な変化により維持するという考えで進めたい。
m89779705016,38.0,1.0,0.0,2.0,4,0.0,0.0,1.0,7.0,1.0,,,2.0,8.0,,,5.0,,,4.0,,,3.0,7.0,,,2.0,4.0,2.0,4.0,,,3.0,2.0,2.0,,,4.0,,,0.0,0.0,0.0,0.0,なし,なし,なし
m8776816233,61.0,1.0,1.0,1.0,8,1.0,1.0,2.0,7.0,6.0,,,4.0,8.0,,,2.0,,,4.0,,,3.0,3.0,6.0,7.0,3.0,3.0,3.0,6.0,,,3.0,3.0,3.0,,,1.0,,,0.0,0.0,0.0,0.0,特にありません,特にありません,特にありません
m8935045338,55.0,0.0,0.0,2.0,8,1.0,0.0,2.0,7.0,6.0,,,4.0,8.0,,,1.0,2.0,5.0,4.0,5.0,6.0,2.0,1.0,3.0,7.0,3.0,3.0,6.0,1.0,,,5.0,4.0,1.0,4.0,5.0,1.0,2.0,4.0,0.0,0.0,0.0,0.0,導入に関与していないため、わかりません。,後継者育成や、技術者を国が支援すべき。,少々高くても良いものを大切に長く使う意識。
m87773826947,59.0,1.0,0.0,2.0,6,0.0,1.0,1.0,1.0,6.0,,,4.0,1.0,3.0,,3.0,,,3.0,4.0,,1.0,1.0,,,1.0,6.0,1.0,6.0,,,5.0,2.0,2.0,3.0,5.0,2.0,,,0.0,1.0,0.0,0.0,無い,実に不安,必需品はともかく商品価値による
m87776170218,57.0,1.0,1.0,2.0,8,1.0,1.0,2.0,7.0,6.0,,,2.0,8.0,,,5.0,,,4.0,,,3.0,6.0,,,3.0,3.0,3.0,4.0,,,4.0,1.0,4.0,,,2.0,,,0.0,0.0,0.0,0.0,なし,なし,なし
m87774044137,57.0,1.0,1.0,2.0,8,1.0,0.0,1.0,1.0,5.0,,,3.0,3.0,5.0,,1.0,2.0,,4.0,6.0,,2.0,4.0,7.0,,1.0,1.0,2.0,6.0,,,3.0,1.0,2.0,,,4.0,,,0.0,0.0,0.0,0.0,考慮中,ニーズを創設できるか否か,ない
m8992131422,56.0,1.0,1.0,2.0,10,1.0,1.0,2.0,7.0,1.0,,,1.0,1.0,,,2.0,,,4.0,,,1.0,3.0,,,2.0,2.0,3.0,6.0,,,3.0,3.0,3.0,,,2.0,,,0.0,0.0,0.0,0.0,わからない,わからない,ありません
m8998354383,42.0,1.0,1.0,2.0,11,0.0,1.0,1.0,7.0,6.0,,,3.0,5.0,8.0,,1.0,2.0,5.0,3.0,4.0,6.0,2.0,2.0,3.0,6.0,1.0,1.0,2.0,1.0,5.0,,3.0,1.0,2.0,4.0,5.0,1.0,2.0,5.0,0.0,0.0,0.0,0.0,原料の調達管理システム、単純作業の自動システム,テクノロジーで補完出来るのは一部に過ぎないので、人材確保が急務。,価値あるものを適正な価格で購入する。海外の粗悪品との差異を見極める能力を養って欲しい。
m87774041545,57.0,1.0,1.0,2.0,11,1.0,0.0,1.0,7.0,6.0,,,4.0,4.0,5.0,,1.0,2.0,5.0,4.0,6.0,7.0,1.0,2.0,3.0,4.0,1.0,1.0,5.0,1.0,6.0,,1.0,2.0,2.0,3.0,4.0,1.0,2.0,3.0,0.0,0.0,0.0,0.0,自動調色,継承が必要,コストばかり見ないでほしい
m8776467047,50.0,1.0,1.0,2.0,5,0.0,1.0,1.0,1.0,1.0,,,4.0,1.0,,,1.0,2.0,4.0,4.0,5.0,6.0,3.0,1.0,4.0,5.0,4.0,5.0,3.0,6.0,,,3.0,4.0,2.0,3.0,4.0,1.0,2.0,4.0,0.0,0.0,0.0,0.0,特になし,継承者が、増えて欲しい,幅広い人に興味を持って欲しい
m87778791139,69.0,1.0,1.0,2.0,8,1.0,1.0,1.0,5.0,3.0,,,4.0,1.0,2.0,4.0,2.0,3.0,4.0,1.0,2.0,4.0,1.0,2.0,5.0,6.0,1.0,2.0,3.0,1.0,3.0,4.0,3.0,1.0,1.0,3.0,4.0,1.0,2.0,4.0,1.0,1.0,1.0,0.0,AIを積極的に活用していきたい。,日本の将来にとってとても大事なことだと思います。,伝統工芸に興味を持ってもらいたい。
m89785460035,56.0,1.0,1.0,2.0,12,1.0,1.0,2.0,1.0,6.0,,,1.0,1.0,,,6.0,,,5.0,,,3.0,3.0,,,4.0,3.0,3.0,5.0,,,3.0,4.0,2.0,,,3.0,,,0.0,0.0,0.0,0.0,なし,なし,なし
m87779274214,44.0,0.0,0.0,1.0,2,1.0,1.0,2.0,1.0,1.0,,,1.0,1.0,,,2.0,5.0,,7.0,,,3.0,2.0,6.0,,3.0,3.0,3.0,1.0,3.0,4.0,1.0,2.0,2.0,,,5.0,,,0.0,0.0,0.0,0.0,なし,なし,なし
m8936513264,43.0,1.0,0.0,2.0,12,1.0,0.0,2.0,7.0,6.0,,,1.0,8.0,,,1.0,2.0,5.0,3.0,,,1.0,1.0,,,1.0,1.0,3.0,2.0,4.0,5.0,5.0,1.0,1.0,,,2.0,,,0.0,0.0,0.0,0.0,AIソリューションの導入,AIが取って代わるので後世に伝えやすい,AIが伝統を引き継いでくれる
m87785167334,32.0,1.0,1.0,2.0,7,1.0,1.0,2.0,1.0,1.0,,,2.0,6.0,7.0,,5.0,,,6.0,,,3.0,5.0,,,3.0,3.0,3.0,3.0,,,1.0,2.0,2.0,,,1.0,,,0.0,0.0,0.0,0.0,特に無し,機械化やAIの技術が進歩する中でと人の手で作る職人の技は不滅だと感じる,特に無し
,51.25,414.0,354.0,107.0,,363.0,336.0,,,,,,,,,,,,,,,,,,,,,,,,,,,,,,,,,,,,,,,,
,10.7,86.0,146.0,362.0,,137.0,164.0,,,,,,,,,,,,,,,,,,,,,,,,,,,,,,,,,,,,,,,,
,,,,31.0,,,,,,,,,,,,,,,,,,,,,,,,,,,,,,,,,,,,,,,,,,,
,,,,,,,,,,,,,,,,,,,,,,,,,,,,,,,,,,,,,,,,,,,,,,,
,,,,,世帯年収,,,,,,,,,,,,,,,,,,,,,,,,,,,,,,,,,,,,,,,,,,
,,,,,"1,000万～1,200万未満",11.0,37.0,,,,,,,,,,,,,,,,,,,,,,,,,,,,,,,,,,,,,,,,
,,,,,"1,200万～1,500万未満",12.0,26.0,,,,,,,,,,,,,,,,,,,,,,,,,,,,,,,,,,,,,,,,
,,,,,"1,500万～1,800万未満",13.0,9.0,,,,,,,,,,,,,,,,,,,,,,,,,,,,,,,,,,,,,,,,
,,,,,"1,800万～2,000万未満",14.0,2.0,,,,,,,,,,,,,,,,,,,,,,,,,,,,,,,,,,,,,,,,
,,,,,100万～200万未満,2.0,16.0,,,,,,,,,,,,,,,,,,,,,,,,,,,,,,,,,,,,,,,,
,,,,,100万未満,1.0,14.0,,,,,,,,,,,,,,,,,,,,,,,,,,,,,,,,,,,,,,,,
,,,,,"2,000万以上",15.0,11.0,,,,,,,,,,,,,,,,,,,,,,,,,,,,,,,,,,,,,,,,
,,,,,200万～300万未満,3.0,34.0,,,,,,,,,,,,,,,,,,,,,,,,,,,,,,,,,,,,,,,,
,,,,,300万～400万未満,4.0,46.0,,,,,,,,,,,,,,,,,,,,,,,,,,,,,,,,,,,,,,,,
,,,,,400万～500万未満,5.0,65.0,,,,,,,,,,,,,,,,,,,,,,,,,,,,,,,,,,,,,,,,
,,,,,500万～600万未満,6.0,57.0,,,,,,,,,,,,,,,,,,,,,,,,,,,,,,,,,,,,,,,,
,,,,,600万～700万未満,7.0,62.0,,,,,,,,,,,,,,,,,,,,,,,,,,,,,,,,,,,,,,,,
,,,,,700万～800万未満,8.0,49.0,,,,,,,,,,,,,,,,,,,,,,,,,,,,,,,,,,,,,,,,
,,,,,800万～900万未満,9.0,35.0,,,,,,,,,,,,,,,,,,,,,,,,,,,,,,,,,,,,,,,,
,,,,,"900万～1,000万未満",10.0,37.0,,,,,,,,,,,,,,,,,,,,,,,,,,,,,,,,,,,,,,,,
